key,title,author,year,venue,volume,number,pages,doi,metadata_source,read_source,passage,read_scope,role,verification_note
coral,Democratizing Content Publication with {Coral},Michael J. Freedman and Eric Freudenthal and David Mazi{\`e}res,2004,Proc. USENIX Symp. Networked Systems Design and Implementation (NSDI),,,,,https://www.usenix.org/legacy/publications/library/proceedings/nsdi04/tech/full_papers/freedman/freedman.pdf,https://www.usenix.org/legacy/publications/library/proceedings/nsdi04/tech/full_papers/freedman/freedman.pdf,DSHT interface and sections 2–3; source-author order on article first page,Full 14-page substantive paper plus cover,Historical cooperative-publication motivation; no as-of completeness transferred,Metadata and the stated passage support the limited cited role; no claim of exhaustive novelty verification. Audit date 2026-09-16.
ttl,Analysis of {TTL}-Based Consistency in Unstructured Peer-to-Peer Networks,Xueyan Tang and Jianliang Xu and Wang-Chien Lee,2008,IEEE Trans. Parallel Distrib. Syst.,19,12,1683--1694,,https://personal.ntu.edu.sg/asxytang/papers/tpds2008c.pdf,https://personal.ntu.edu.sg/asxytang/papers/tpds2008c.pdf,Section 3.2 served-copy expiration; section 4 age/staleness analysis,Full 12-page paper,Existing deterministic TTL guarantee distinguished from non-abstaining reset-batch certificate,Metadata and the stated passage support the limited cited role; no claim of exhaustive novelty verification. Audit date 2026-09-16.
gewave,A Geographically-Aware Poll-Based Distributed File Consistency Maintenance Method for {P2P} Systems,Haiying Shen and Guoxin Liu,2013,IEEE Trans. Parallel Distrib. Syst.,24,11,2148--2159,10.1109/TPDS.2012.317,https://doi.org/10.1109/TPDS.2012.317,https://www.cs.virginia.edu/~hs6ms/publishedPaper/Journal/2012/06378362.pdf,"Section 4.1: TTR, geographical polling and owner fallback",Full 11-page accepted paper; separate supplement not read,Polling protocol contrast,Metadata and the stated passage support the limited cited role; no claim of exhaustive novelty verification. Audit date 2026-09-16.
proxy,On the Benefits of Cooperative Proxy Caching for Peer-to-Peer Traffic,Mohamed Hefeeda and Behrooz Noorizadeh,2010,IEEE Trans. Parallel Distrib. Syst.,21,7,998--1010,10.1109/TPDS.2009.130,https://doi.org/10.1109/TPDS.2009.130,https://www2.cs.sfu.ca/~mhefeeda/Papers/tpds10_caching.pdf,Model and cooperative proxy simulation sections,Full 13-page paper,Traffic and cache-hit benefits are not snapshot-age evidence,Metadata and the stated passage support the limited cited role; no claim of exhaustive novelty verification. Audit date 2026-09-16.
updates,Update Scheduling for Improving Consistency in Distributed Virtual Environments,Xueyan Tang and Suiping Zhou,2010,IEEE Trans. Parallel Distrib. Syst.,21,6,765--777,,https://personal.ntu.edu.sg/asxytang/papers/tpds2010b.pdf,https://personal.ntu.edu.sg/asxytang/papers/tpds2010b.pdf,Time-space inconsistency model and update-scheduling sections,Full 14-page accepted paper,Delay-aware scheduling objective contrast,Metadata and the stated passage support the limited cited role; no claim of exhaustive novelty verification. Audit date 2026-09-16.
asc,Achieving Probabilistic Atomicity with Well-Bounded Staleness and Low Read Latency in Distributed Datastores,Lingzhi Ouyang and Yu Huang and Hengfeng Wei and Jian Lu,2021,IEEE Trans. Parallel Distrib. Syst.,32,4,815--829,10.1109/TPDS.2020.3034328,https://doi.org/10.1109/TPDS.2020.3034328,https://hengxin.github.io/papers/2021-TPDS-ASC.pdf,Theorem 3.2 and evaluation,Full 15-page main paper; separate appendix not read,Deterministic version distance plus probabilistic atomicity; not misdescribed as entirely probabilistic,Metadata and the stated passage support the limited cited role; no claim of exhaustive novelty verification. Audit date 2026-09-16.
specs,A Generic Specification Framework for Weakly Consistent Replicated Data Types,Xue Jiang and Hengfeng Wei and Yu Huang and Yuxing Chen and Anqun Pan,2025,IEEE Trans. Parallel Distrib. Syst.,36,6,1338--1353,10.1109/TPDS.2025.3533546,https://doi.org/10.1109/TPDS.2025.3533546,https://hengxin.github.io/papers/2025-TPDS-Specs.pdf,Abstract-execution model and protocol case studies,Full 16-page main paper,Relational semantic generality compared with scalar threshold state,Metadata and the stated passage support the limited cited role; no claim of exhaustive novelty verification. Audit date 2026-09-16.
hampa,Hampa: Solver-Aided Recency-Aware Replication,Xiao Li and Farzin Houshmand and Mohsen Lesani,2020,Computer Aided Verification (CAV),12224,,324--349,10.1007/978-3-030-53288-8_16,https://doi.org/10.1007/978-3-030-53288-8_16,https://link.springer.com/content/pdf/10.1007/978-3-030-53288-8_16.pdf?pdf=inline+link,Recency definition and coordination/failure-detection arguments,Full 26-page main paper; separate extended appendix not read,Value-drift recency and solver-aided coordination precede this work,Metadata and the stated passage support the limited cited role; no claim of exhaustive novelty verification. Audit date 2026-09-16.
pbs,Probabilistically Bounded Staleness for Practical Partial Quorums,Peter Bailis and Shivaram Venkataraman and Michael J. Franklin and Joseph M. Hellerstein and Ion Stoica,2012,Proc. VLDB Endow.,5,8,776--787,,https://www.vldb.org/pvldb/vol5/p776_peterbailis_vldb2012.pdf,https://www.vldb.org/pvldb/vol5/p776_peterbailis_vldb2012.pdf,Sections 1.2 and 6; version/time probability model,Full 12-page published paper,Probabilistic partial quorums; no claim of adversarial reset guarantee,Metadata and the stated passage support the limited cited role; no claim of exhaustive novelty verification. Audit date 2026-09-16.
recover,Recovering Shared Objects Without Stable Storage,Ellis Michael and Dan R. K. Ports and Naveen Kr. Sharma and Adriana Szekeres,2017,Distributed Computing (DISC),91,,36:1--36:16,10.4230/LIPIcs.DISC.2017.36,https://doi.org/10.4230/LIPIcs.DISC.2017.36,https://drops.dagstuhl.de/storage/00lipics/lipics-vol091-disc2017/LIPIcs.DISC.2017.36/LIPIcs.DISC.2017.36.pdf,Definition 7 and shared-object constructions,Full 16-page published paper,Crash-consistent quorum recovery differs from schedule-level freshness,Metadata and the stated passage support the limited cited role; no claim of exhaustive novelty verification. Audit date 2026-09-16.
temporal,Temporal Connectivity: Coping with Foreseen and Unforeseen Delays,"Eugen F{\""u}chsle and Hendrik Molter and Rolf Niedermeier and Malte Renken",2022,Symp. Algorithmic Foundations of Dynamic Networks (SAND),221,,17:1--17:17,10.4230/LIPIcs.SAND.2022.17,https://doi.org/10.4230/LIPIcs.SAND.2022.17,https://drops.dagstuhl.de/storage/00lipics/lipics-vol221-sand2022/LIPIcs.SAND.2022.17/LIPIcs.SAND.2022.17.pdf,Published section 1 offline/online definitions and related-version statement on p. 17:1,Full 2022 preprint inherited; SAND 2022 published section 1 and explicit related-version link checked; citation uses the verified conference publication. Later 2026 journal record found but full journal text not verified.,Waiting and quantifier contrast; conference citation replaces an unqualified arXiv entry,Publisher explicitly links arXiv:2201.05011 as the full version. SAND 2022 DOI/volume/pages verified. DAM 2026 DOI 10.1016/j.dam.2026.04.048 found but full journal equivalence not claimed.
robustcut,Finding Small Cuts in Temporal Graphs under Perturbations,Jessica Enright and Thomas Erlebach and Kitty Meeks and Nils Morawietz,2026,Symp. Algorithmic Foundations of Dynamic Networks (SAND),373,,14:1--14:17,10.4230/LIPIcs.SAND.2026.14,https://doi.org/10.4230/LIPIcs.SAND.2026.14,https://drops.dagstuhl.de/storage/00lipics/lipics-vol373-sand2026/LIPIcs.SAND.2026.14/LIPIcs.SAND.2026.14.pdf,Problem definition and Theorem 8,Full 17-page published paper,Chosen cut must work for all perturbations; not the joint existential failure witness here,Metadata and the stated passage support the limited cited role; no claim of exhaustive novelty verification. Audit date 2026-09-16.
perturb,Reachability in Temporal Graphs under Perturbation,Jessica Enright and Laura Larios-Jones and Kitty Meeks and William Pettersson,2026,Theoretical Computer Science,1083,,116138,10.1016/j.tcs.2026.116138,https://doi.org/10.1016/j.tcs.2026.116138,https://eprints.gla.ac.uk/389464/2/389464.pdf,Opening model definitions only,23-page paper; only opening model/definitions read; not calibration count,Perturbations selected to improve reachability; unread remainder not summarized,Metadata and the stated passage support the limited cited role; no claim of exhaustive novelty verification. Audit date 2026-09-16.
irm,{IRM}: Integrated File Replication and Consistency Maintenance in {P2P} Systems,Haiying Shen,2010,IEEE Trans. Parallel Distrib. Syst.,21,1,100--113,10.1109/TPDS.2009.43,https://doi.org/10.1109/TPDS.2009.43,https://www.cs.virginia.edu/~hs6ms/publishedPaper/Journal/2010/TPDS10-IRM.pdf,Sections 3.2 and 5,"Full 14-page published article; selected Figures 1, 2 and 8 inspected; DOI 10.1109/TPDS.2009.43",Adaptive polling and owner fallback; no strict-freshness straw man,Metadata and the stated passage support the limited cited role; no claim of exhaustive novelty verification. Audit date 2026-09-16.
placement,"Optimal Placement of Replicas in Trees with Read, Write, and Storage Costs",Konstantinos Kalpakis and Koustuv Dasgupta and Ouri Wolfson,2001,IEEE Trans. Parallel Distrib. Syst.,12,6,628--637,,https://www.csee.umbc.edu/~kalpakis/homepage/papers/TPDS01.pdf,https://www.csee.umbc.edu/~kalpakis/homepage/papers/TPDS01.pdf,Theorems 2–5 and capacity restrictions,Full 10-page manuscript including appendix,Tree-placement costs and scope of the ordinary cut primitive,Metadata and the stated passage support the limited cited role; no claim of exhaustive novelty verification. Audit date 2026-09-16.
mincost,Minimal-Cost Replication of Dynamic Web Contents Under Flat Update Delivery,Xueyan Tang and Samuel T. Chanson,2004,IEEE Trans. Parallel Distrib. Syst.,15,5,431--439,,https://scispace.com/pdf/minimal-cost-replication-of-dynamic-web-contents-under-flat-4i4t4gaqlq.pdf,https://scispace.com/pdf/minimal-cost-replication-of-dynamic-web-contents-under-flat-4i4t4gaqlq.pdf,Theorems 1–4,Full 26-page accepted manuscript,Established dependency-aware cost-preserving cut representation,Metadata and the stated passage support the limited cited role; no claim of exhaustive novelty verification. Audit date 2026-09-16.
tact,Design and Evaluation of a Continuous Consistency Model for Replicated Services,Haifeng Yu and Amin Vahdat,2000,Proc. USENIX Symp. Operating Systems Design and Implementation (OSDI),,,,,https://www.usenix.org/events/osdi2000/full_papers/yuvahdat/yuvahdat.pdf,https://www.usenix.org/events/osdi2000/full_papers/yuvahdat/yuvahdat.pdf,Sections 3.2 and 3.4,Full 14-page published paper,"Staleness, time vectors and compulsory propagation already established",Metadata and the stated passage support the limited cited role; no claim of exhaustive novelty verification. Audit date 2026-09-16.
ccreg,Simulating a Shared Register in a System that Never Stops Changing,Hagit Attiya and Hyun Chul Chung and Faith Ellen and Saptaparni Kumar and Jennifer L. Welch,2017,arXiv:1708.03274,,,,,https://arxiv.org/abs/1708.03274,https://arxiv.org/abs/1708.03274,"2017 preprint model and Theorems 9, 14, 21",Full 23-page 2017 preprint; exact 2019 journal correspondence not established,Bounded joining/leaving/crashed fractions and ongoing membership; citation explicitly remains the exact read preprint,"2019 TPDS record DOI 10.1109/TPDS.2018.2867479 is known; exact equivalence to read preprint not verified, so it is not substituted or counted among the 12 full TPDS texts."
dynamo,Dynamo: {Amazon}'s Highly Available Key-value Store,Giuseppe DeCandia and Deniz Hastorun and Madan Jampani and Gunavardhan Kakulapati and Avinash Lakshman and Alex Pilchin and Swaminathan Sivasubramanian and Peter Vosshall and Werner Vogels,2007,Proc. ACM Symp. Operating Systems Principles (SOSP),,,205--220,,https://www.allthingsdistributed.com/files/amazon-dynamo-sosp2007.pdf,https://www.allthingsdistributed.com/files/amazon-dynamo-sosp2007.pdf,Sections 4.4–4.7; author proceedings PDF pp. 205–220,Full 16-page published paper,Vector clocks and hinted handoff do not alone establish a real-time authoritative watermark,Metadata and the stated passage support the limited cited role; no claim of exhaustive novelty verification. Audit date 2026-09-16.
spanner,Spanner: {Google}'s Globally-Distributed Database,James C. Corbett and Jeffrey Dean and Michael Epstein and Andrew Fikes and Christopher Frost and JJ Furman and Sanjay Ghemawat and Andrey Gubarev and Christopher Heiser and Peter Hochschild and Wilson Hsieh and Sebastian Kanthak and Eugene Kogan and Hongyi Li and Alexander Lloyd and Sergey Melnik and David Mwaura and David Nagle and Sean Quinlan and Rajesh Rao and Lindsay Rolig and Yasushi Saito and Michal Szymaniak and Christopher Taylor and Ruth Wang and Dale Woodford,2012,Proc. USENIX Symp. Operating Systems Design and Implementation (OSDI),,,251--264,,https://www.usenix.org/system/files/conference/osdi12/osdi12-final-16.pdf,https://www.usenix.org/system/files/conference/osdi12/osdi12-final-16.pdf,"Sections 3, 4.1.2–4.1.3 and Appendix A",Full 14-page published OSDI paper including appendix,Safe time and clock uncertainty are operational mechanisms not supplied by this model,Metadata and the stated passage support the limited cited role; no claim of exhaustive novelty verification. Audit date 2026-09-16.
ead,An Efficient and Adaptive Decentralized File Replication Algorithm in {P2P} File Sharing Systems,Haiying Shen,2010,IEEE Trans. Parallel Distrib. Syst.,21,6,827--840,10.1109/TPDS.2009.127,https://doi.org/10.1109/TPDS.2009.127,https://www.cs.virginia.edu/~hs6ms/publishedPaper/Journal/2010/TPDS10-EAD.pdf,"Accepted journal text sections 2.2.5–2.2.6, 3.5–3.7 and 5","Full 14-page accepted journal text; DOI 10.1109/TPDS.2009.127; TPDS 21(6):827–840, 2010; five sections and 41 references",Query-adaptive replication; voluntary replica transfer is not the same failure model,Metadata and the stated passage support the limited cited role; no claim of exhaustive novelty verification. Audit date 2026-09-16.
horn,Linear-Time Algorithms for Testing the Satisfiability of Propositional {Horn} Formulae,William F. Dowling and Jean H. Gallier,1984,Journal of Logic Programming,1,3,267--284,10.1016/0743-1066(84)90014-1,https://www.sciencedirect.com/science/article/pii/0743106684900141,https://www.cis.upenn.edu/~jean/gallier-old-pubs.html,Publisher indexed abstract and author publication list: two linear-time Horn satisfiability algorithms,"Publisher abstract and author metadata, not a full-paper calibration reading",Attribution of standard Horn worklist propagation; no upstream code or performance transferred,Metadata and the stated passage support the limited cited role; no claim of exhaustive novelty verification. Audit date 2026-09-16.
fenwick,A New Data Structure for Cumulative Frequency Tables,Peter M. Fenwick,1994,Software: Practice and Experience,24,3,327--336,10.1002/spe.4380240306,https://onlinelibrary.wiley.com/doi/10.1002/spe.4380240306,https://onlinelibrary.wiley.com/doi/10.1002/spe.4380240306,Abstract: binary-indexed cumulative-frequency representation,Publisher metadata and abstract; no full-paper calibration claim,Attribution of the marked-count data structure; checker algorithm and bound proved locally,Metadata and the stated passage support the limited cited role; no claim of exhaustive novelty verification. Audit date 2026-09-16.
karp,Reducibility among Combinatorial Problems,Richard M. Karp,1972,Complexity of Computer Computations,,,85--103,10.1007/978-1-4684-2001-2_9,https://link.springer.com/chapter/10.1007/978-1-4684-2001-2_9,https://www.cs.umd.edu/~gasarch/BLOGPAPERS/Karp.pdf,"Original pp. 93–94, section 4, Main Theorem and item 5 NODE COVER; reprint PDF pages 13–14",Primary chapter metadata; original scanned passage in authorized reprint inspected visually; not an additional calibration count,"Classical NP-completeness source for Vertex Cover, not attribution of this project gadget",Metadata and the stated passage support the limited cited role; no claim of exhaustive novelty verification. Audit date 2026-09-16.
maxflow,Maximal Flow Through a Network,"Ford, Jr., L. R. and Fulkerson, D. R.",1956,Canadian Journal of Mathematics,8,,399--404,10.4153/CJM-1956-045-5,https://doi.org/10.4153/CJM-1956-045-5,https://www.cambridge.org/core/services/aop-cambridge-core/content/view/5D6E55D3B06C4F7B1043BC1D82D40764/S0008414X00036890a.pdf/maximal-flow-through-a-network.pdf,"Section 1, Theorem 1, p. 400; proof through p. 402",Publisher full six-page article accessible; theorem page inspected visually; not added to calibration counts,Classical minimum-cut attribution; project proof supplies directed temporal reduction,Metadata and the stated passage support the limited cited role; no claim of exhaustive novelty verification. Audit date 2026-09-16.
leases,Leases: An Efficient Fault-Tolerant Mechanism for Distributed File Cache Consistency,Cary G. Gray and David R. Cheriton,1989,Proc. ACM Symp. Operating Systems Principles (SOSP),,,202--210,10.1145/74850.74870,https://dl.acm.org/doi/10.1145/74850.74870,https://web.stanford.edu/class/archive/cs/cs240/cs240.1056/readings/89-leases.pdf,"Sections 1–2, pp. 202–204: valid leases for cached access and write permission",Conference PDF and publisher metadata; relevant protocol passages read; not counted as an extra full calibration paper,Separate valid-lease revalidation/coordination from prescribed non-abstaining reset queries,Metadata and the stated passage support the limited cited role; no claim of exhaustive novelty verification. Audit date 2026-09-16.
gossip,The Age of Gossip in Networks,Roy D. Yates,2021,Proc. IEEE Int. Symp. Information Theory (ISIT),,,2984--2989,10.1109/ISIT45174.2021.9517796,https://doi.org/10.1109/ISIT45174.2021.9517796,https://arxiv.org/pdf/2102.02893,Section II model and Theorem 1: Poisson version process and limiting expected version age,Author preprint model/result passages with ISIT publication metadata; not added to full calibration counts,Expected version-age objective differs from worst-case elapsed as-of age,Metadata and the stated passage support the limited cited role; no claim of exhaustive novelty verification. Audit date 2026-09-16.
selfstab,Self-Stabilizing Snapshot Objects for Asynchronous Failure-Prone Networked Systems,"Chryssis Georgiou and Oskar Lundstr{\""o}m and Elad Micheal Schiller",2026,Theoretical Computer Science,1075,,115929,10.1016/j.tcs.2026.115929,https://doi.org/10.1016/j.tcs.2026.115929,https://research.chalmers.se/publication/551560/file/551560_Fulltext.pdf,Sections 1.1–1.4: linearizable SWMR snapshots and recovery after the last transient fault,First-party full published article available; only opening model sections read; later proofs not claimed as read,Contrast atomic multiwriter snapshot objects and self-stabilization with continuing bounded resets,Metadata and the stated passage support the limited cited role; no claim of exhaustive novelty verification. Audit date 2026-09-16.
hintk,{Hint-K}: An Efficient Multilevel Cache Using {K}-Step Hints,Chentao Wu and Xubin He and Qiang Cao and Changsheng Xie and Shenggang Wan,2014,IEEE Trans. Parallel Distrib. Syst.,25,3,653--662,10.1109/TPDS.2013.49,https://ieeexplore.ieee.org/document/6470604/,https://cis.temple.edu/~he/publications/Journals/HintK-tpds.pdf,Section 2: cache promotion/demotion and K-step movement hints,Full 16-page author journal manuscript inherited and checked; final IEEE title/issue metadata reconciled,"Traffic/cache efficiency, not authoritative completeness","Issue year is used, not early-online year; journal record not conflated with an earlier conference paper."
sd3,Selective Data Replication for Online Social Networks with Distributed Datacenters,Guoxin Liu and Haiying Shen and Harrison Chandler,2016,IEEE Trans. Parallel Distrib. Syst.,27,8,2377--2393,10.1109/TPDS.2015.2485266,https://ieeexplore.ieee.org/document/7286841/,https://www.cs.virginia.edu/~hs6ms/publishedPaper/Journal/2015/Selective%20Data%20Replication%20for%20Online%20Social%20Networks%20with%20Distributed%20Datacenters.pdf,Abstract and section 3: access/update-aware selective replication and update dissemination,Full author journal manuscript inherited; IEEE record and ACM volume 27 issue 8 metadata checked,Adaptive communication choices differ from exogenous refresh schedules,"Issue year is used, not early-online year; journal record not conflated with an earlier conference paper."
routes,Delay-Robust Routes in Temporal Graphs,"Eugen F{\""u}chsle and Hendrik Molter and Rolf Niedermeier and Malte Renken",2022,Proc. Symp. Theoretical Aspects of Computer Science (STACS),219,,30:1--30:15,10.4230/LIPIcs.STACS.2022.30,https://drops.dagstuhl.de/entities/document/10.4230/LIPIcs.STACS.2022.30,https://drops.dagstuhl.de/storage/00lipics/lipics-vol219-stacs2022/LIPIcs.STACS.2022.30/LIPIcs.STACS.2022.30.pdf,"Sections 1–3.2 (pp. 30:1–30:7), route definition and Theorem 5; Theorem 7 statement (p. 30:10)",Partial publisher-text reading; definitions and recognition statement/outline plus hardness statement. Deferred full-version proofs not read; not added to full-paper calibration.,"Quantifier distinction: choose one vertex route before adversarial delays; given-route recognition versus route-existence complexity, not a volatile-reset certificate.","Primary publisher metadata and PDF inspected, including definition and recognition screenshots. CC-BY 4.0. The cited assertions are source statements, not independently proved here. Audit date 2026-09-16."
