claim_id,material_claim,theorem_or_lemma,proof_or_checker,source_or_test,experiment,figure_or_table,raw_result,maturity,fresh_recheck
C01,Global latest arrival is not a sound worst case,Epoch counterexample,proofs/model-and-results.md §1; bsci/replay.py,inputs/case-001.json; tests/test_certificates.py::test_latest_is_not_worst,examples,Fig. 1,results/examples/case-001-trace.json,proved; finite-checked,Proof/source pointers reconciled; all nine deterministic family records reproduced in results/reproduction-check.json; broader clean checks in results/clean-validation.json
C02,Epoch postponement and common endpoint compression are exact for the declared model,"Main Lemma 1, Corollary 2, Theorem 3",proofs/model-and-results.md §§1–2; bsci/certify.py,bsci/oracle.py; tests/test_certificates.py,random; overlay; periodic,Table II,results/campaign/random.jsonl; results/campaign/overlay.jsonl,proved; finite-checked,Proof/source pointers reconciled; all nine deterministic family records reproduced in results/reproduction-check.json; broader clean checks in results/clean-validation.json Optional patterns are captured once in checker and exhaustive oracle; all original deterministic records agree after repair.
C03,Fixed-reset closure iff safety with one simultaneous negative execution,Main Theorem 4,proofs/model-and-results.md §3; bsci/certify.py; bsci/replay.py,Literal per-slot oracle; case-002 joint/individual queries,random; overlay; resets,Table II,results/campaign/random.jsonl; results/examples/case-002-short-derivation.json,proved; finite-checked; separately replayed,Proof/source pointers reconciled; all nine deterministic family records reproduced in results/reproduction-check.json; broader clean checks in results/clean-validation.json Optional patterns are captured once in checker and exhaustive oracle; all original deterministic records agree after repair.
C04,O((K+m)log K) word work; positive derivation at most K entries,Main Theorem 5,proofs/model-and-results.md §4; bsci/certify.py,bsci/replay.py Fenwick validation; input encoding definition,scaling,Fig. 3,results/campaign/scaling.jsonl; results/derived/scaling.csv,proved; measured feasibility only,Proof/source pointers reconciled; all nine deterministic family records reproduced in results/reproduction-check.json; broader clean checks in results/clean-validation.json
C05,Singleton arrivals with unit optional-reset cardinality reduce to minimum cut,Main Theorem 6,proofs/model-and-results.md §5; bsci/flow.py,All candidate subsets and literal scalar oracle,fixed,Table II,results/campaign/fixed.jsonl,proved; finite-checked,Proof/source pointers reconciled; all nine deterministic family records reproduced in results/reproduction-check.json; broader clean checks in results/clean-validation.json
C06,Interval-arrival UNSAFE NP-complete at horizon 6 and max delay 2 with mandatory reset profile,Main Theorem 7,proofs/model-and-results.md §6; bsci/campaign.py::gadget,Vertex Cover predicate all labelled graphs n<=5; all arrivals only n<=4,reduction,Fig. 2; Table II,results/campaign/reduction.jsonl,proved; finite-checked,Proof/source pointers reconciled; all nine deterministic family records reproduced in results/reproduction-check.json; broader clean checks in results/clean-validation.json
C07,Periodic threshold queries reduce to P finite cutoff windows with late options retained,Main Theorem 8,proofs/model-and-results.md §7,Full-history vs translated window; selected exhaustive oracles,periodic,Table II,results/campaign/periodic.jsonl,proved; finite-checked,Proof/source pointers reconciled; all nine deterministic family records reproduced in results/reproduction-check.json; broader clean checks in results/clean-validation.json
C08,Direct-source full-eligibility rolling resets obey exact packing condition,Main Theorem 9,proofs/model-and-results.md §8; bsci/star.py,All legal reset sets and interval arrivals in selected stars,direct,Table II,results/campaign/direct.jsonl,proved; finite-checked,Proof/source pointers reconciled; all nine deterministic family records reproduced in results/reproduction-check.json; broader clean checks in results/clean-validation.json
C09,Exact common-period phase age bound and exhaustive equal-rate optimization,Main Corollary 10,proofs/model-and-results.md §8; bsci/star.py,Small phase boundary tests; full declared phase multiset grid; tests/test_phase_interface.py,phases,Table III; Fig. 4,results/campaign/phases.jsonl; results/derived/phase-design.csv,proved; finite-checked; computed,"Exact integer domain and one-shot phase iterable capture repaired; nine regressions and complete original phase records pass in the 86-test, 23-command clean validation. Written theorem unchanged."
C10,Maximal patterns suffice for downward-closed families; minimum count needs smaller-set exclusion,Reset monotonicity argument,proofs/model-and-results.md §6; bsci/families.py,Coverage and minimum-annotation negative tests,resets; examples,"Main §§IV-A, III-G",results/campaign/resets.jsonl; results/examples/case-003-budget-two.json,proved; finite-checked,Proof/source pointers reconciled; all nine deterministic family records reproduced in results/reproduction-check.json; broader clean checks in results/clean-validation.json Optional patterns are captured once in checker and exhaustive oracle; all original deterministic records agree after repair.
E01,"60,026 full-history exhaustive arrival executions, with stated exclusions",None; finite evidence,bsci/summarize.py,All stored oracle execution counts,random; overlay; resets; reduction; fixed; direct; periodic,Table II,results/derived/summary.json,measured finite validation,Proof/source pointers reconciled; all nine deterministic family records reproduced in results/reproduction-check.json; broader clean checks in results/clean-validation.json Optional patterns are captured once in checker and exhaustive oracle; all original deterministic records agree after repair.
E02,"1,176 settings; 53,508 zero-anchored phase multisets; 557 finite strict improvements, 235 ties, 25 infinity-to-finite, 359 both infinite",Corollary 10 plus enumeration,bsci/star.py; bsci/summarize.py,Declared grid without favorable-case exclusions,phases,Table III; Fig. 4,results/derived/summary.json; results/campaign/phases.jsonl,computed finite enumeration,Proof/source pointers reconciled; all nine deterministic family records reproduced in results/reproduction-check.json; broader clean checks in results/clean-validation.json
E03,Sparse endpoint structure invariant under tested binary time scaling,Theorem 3 for representation; local timing only,bsci/campaign.py::scaling_instance,5 horizon scales; 5 repetitions each; fixed geometry,scaling,Main §VI-D,results/derived/scaling-time.csv,proved structural consequence; measured timing,Proof/source pointers reconciled; all nine deterministic family records reproduced in results/reproduction-check.json; broader clean checks in results/clean-validation.json
E04,"Retained campaign 7.494576154 CPU seconds and 116032 KiB peak RSS, one worker",Not a correctness theorem,bsci/campaign.py resource observation,Nine retained family resource records,all,Main §VI-A,results/derived/summary.json; results/resource-accounting.json,measured; machine-specific,Proof/source pointers reconciled; all nine deterministic family records reproduced in results/reproduction-check.json; broader clean checks in results/clean-validation.json
E05,"Clean-copy deterministic records match, excluding declared timing/RSS fields",Not a correctness theorem,validate.py; check_reproduction.py; check_epoch_audit.py,New extraction and full documented commands,clean reproduction,Supplement reproduction section,results/reproduction-check.json; results/clean-reproduction-resources.json; results/clean-validation.json; results/clean-command-resources.json; results/paper-data-check.json,clean extraction reproduced; deterministic comparison,"Fresh standalone ZIP extraction; 86 tests and 23 expected-exit command checks; all deterministic families, pilots, examples, retained-derived and newly reproduced-derived scientific fields, and epoch audit agree."
C11,Necessary r >= 1 + b ceil((D-1)/W) for finite phase bound; not sufficient,Main Eq. replicationnecessary; consequence of Corollary 10,proofs/model-and-results.md §9,tests/test_certificates.py::test_replica_count_necessary_not_sufficient,unit boundary check,Main §V-D,results/test-report.txt,proved; finite-checked,Written consequence reread; current 86-test clean-copy suite in results/test-report.txt
C12,Verifier binds independently requested optional pattern or exact budget; strict integer types,Interface contract; not a new theorem,bsci/model.py; bsci/replay.py; bsci/families.py; bsci/__main__.py,tests/test_claim_binding.py; case-003 budget-one versus budget-two negative control,13 regression tests,Supplement §II; main §III-G,results/test-report.txt,finite-checked; interface repaired,86-test clean-copy suite; expected-budget mismatch rejected with exit 1 and omitted budget with exit 2; results/clean-validation.json
E06,Separate epoch audit: 96 cases; 200 patterns; 432 assignments; 250 single postponements; 432 canonicalizations; 239 stale canonicalizations,Main Lemma 1; Theorem 3,epoch_audit.py; proofs/model-and-results.md §§1–2,epoch-audit-specification.md; cross-reset negative control,supplemental epoch audit; not original campaign,Supplement §IV,results/epoch-audit/cases.jsonl; results/epoch-audit/summary.json,finite-checked; not a mechanized general proof,All 96 exact case records and the complete summary reproduced; results/epoch-reproduction-check.json
C13,Periodic helper APIs preserve finite iterable schedules and enforce exact integer domains,API contract for Main Corollary 10; not a new theorem,bsci/star.py,tests/test_phase_interface.py,"9 regression tests, excluded from original campaign counts",Supplement §IV,results/test-report.txt; results/clean-validation.json,finite-checked; interface repaired,"List and one-shot iterator both produce bound 4 for P=4,D=2,b=1,W=3,phases=(0,1,2); invalid floats, booleans and phases rejected; full original phase records unchanged."
E07,"Offline validation has explicit incomplete checkpoints, exact scientific comparisons and expected failure checks",Not a correctness theorem,validate.py,tests/test_validation.py,6 wrapper controls; clean 23-command suite,Supplement §V-B,results/clean-validation.json; results/clean-command-resources.json,executed and finite-checked,Four bounded invocations from a fresh standalone extraction finish with all_checks_passed true; checkpoints alone were not counted as a pass.
C14,Finite instance iterables are captured once and nested mutable input lists cannot change an already validated instance,Input contract; no new mathematical theorem,bsci/model.py,tests/test_instance_interface.py; 11 regression tests,unit tests,Supplement validation scope,results/test-report.txt; results/clean-validation.json,implemented; finite-checked; clean reproduced,86 unique tests pass in clean standalone extraction; scientific source files are unchanged from that extraction.
E08,Scientific comparisons preserve JSON types and compare actual reproduced derived data with only declared timing/resource exclusions,Evidence comparison contract,bsci/evidence.py; check_reproduction.py; check_epoch_audit.py; validate.py,tests/test_evidence.py; 7 regression tests,clean validation,Supplement reproducibility scope,results/clean-validation.json; results/paper-data-check.json,implemented; finite-checked; clean reproduced,23 expected-exit checks pass; derived outputs are compared separately from reference regeneration; original scientific denominators and observations are retained.
L01,"All 31 cited bibliography entries have matching audit records, identified publication status, source passages and explicit reading scope",Source attribution; not a novelty theorem,../paper/check_bibliography.py; bibliography-audit.csv; bibliography-audit.md,Primary publisher or author source representations identified per entry,bibliographic consistency and source review,References; related work,bibliography-audit.csv; literature-boundary.md; ../paper/bibliography-check.json,source-checked within recorded scope; locally cross-checked,12 TPDS articles; 18 other formal publications; one explicitly identified preprint. Metadata/abstract or partial-model readings are not counted as additional full-text calibration.
C15,"A finite optional-reset iterable is captured once so aggregate coverage, proof replay and all exhaustive arrival assignments use the same reset events",Python API contract; no new mathematical theorem,bsci/certify.py; bsci/replay.py; bsci/families.py; bsci/oracle.py,tests/test_reset_capture.py; two-node false-acceptance and one-edge later-arrival controls,11 regressions; excluded from frozen campaign counts,Main finite validation; supplement validation scope,results/test-report.txt; results/clean-validation.json; results/reproduction-check.json,implemented; finite-checked; clean reproduced,86 unique tests and 23 expected-exit command checks pass from a fresh standalone extraction. All original deterministic raw results and derived science agree. JSON certificate schema and theorem premises are unchanged.
