id,name,scholarly_or_official_url,license,access_date,resource_type,acquisition_method,integration_mode,supported_claim,internals_modified,read_representation
coral,Democratizing Content Publication with Coral,https://www.usenix.org/legacy/publications/library/proceedings/nsdi04/tech/full_papers/freedman/freedman.pdf,Publisher copyright; no redistribution assumed,2026-09-15,scholarly paper,web full text / PDF screenshots as available,read-only citation or calibration; not an experimental input,DSHT soft-state multi-value interface; publication architecture,no,Full 14-page substantive paper plus cover
ttl,Analysis of TTL-Based Consistency in Unstructured Peer-to-Peer Networks,https://personal.ntu.edu.sg/asxytang/papers/tpds2008c.pdf,Author copy; no redistribution license established,2026-09-15,scholarly paper,web full text / PDF screenshots as available,read-only citation or calibration; not an experimental input,TTL expiry bounds served-copy staleness; not our erase model,no,Full 12-page paper
gewave,A Geographically-Aware Poll-Based Distributed File Consistency Maintenance Method for P2P Systems,https://www.cs.virginia.edu/~hs6ms/publishedPaper/Journal/2012/06378362.pdf,Author accepted copy; no redistribution assumed,2026-09-15,scholarly paper,web full text / PDF screenshots as available,read-only citation or calibration; not an experimental input,Adaptive polling and TTR consistency,no,Full 11-page accepted paper; separate supplement not read
proxy,On the Benefits of Cooperative Proxy Caching for Peer-to-Peer Traffic,https://www2.cs.sfu.ca/~mhefeeda/Papers/tpds10_caching.pdf,Author copy; no redistribution assumed,2026-09-15,scholarly paper,web full text / PDF screenshots as available,read-only citation or calibration; not an experimental input,"Cooperative caching costs, not as-of completeness",no,Full 13-page paper
updates,Update Scheduling for Improving Consistency in Distributed Virtual Environments,https://personal.ntu.edu.sg/asxytang/papers/tpds2010b.pdf,Author accepted copy; no redistribution assumed,2026-09-15,scholarly paper,web full text / PDF screenshots as available,read-only citation or calibration; not an experimental input,Delay-aware time-space impact scheduling,no,Full 14-page accepted paper
asc,Achieving Probabilistic Atomicity with Well-Bounded Staleness and Low Read Latency in Distributed Datastores,https://hengxin.github.io/papers/2021-TPDS-ASC.pdf,CC BY as stated in paper,2026-09-15,scholarly paper,web full text / PDF screenshots as available,read-only citation or calibration; not an experimental input,Deterministic version-distance bound plus probabilistic atomicity,no,Full 15-page main paper; separate appendix not read
specs,A Generic Specification Framework for Weakly Consistent Replicated Data Types,https://hengxin.github.io/papers/2025-TPDS-Specs.pdf,Publisher/author PDF; not redistributed,2026-09-15,scholarly paper,web full text / PDF screenshots as available,read-only citation or calibration; not an experimental input,Relational specifications and case-study proofs,no,Full 16-page main paper
hintk,{Hint-K}: An Efficient Multilevel Cache Using {K}-Step Hints,https://cis.temple.edu/~he/publications/Journals/HintK-tpds.pdf,Scholarly article read only; not redistributed,2026-09-16,scholarly paper,Primary publication or author manuscript through web; exact access scope recorded,Citation and model/algorithm attribution only; not experimental input,"Traffic/cache efficiency, not authoritative completeness",no,Full 16-page author journal manuscript inherited and checked; final IEEE title/issue metadata reconciled
sd3,Selective Data Replication for Online Social Networks with Distributed Datacenters,https://www.cs.virginia.edu/~hs6ms/publishedPaper/Journal/2015/Selective%20Data%20Replication%20for%20Online%20Social%20Networks%20with%20Distributed%20Datacenters.pdf,Scholarly article read only; not redistributed,2026-09-16,scholarly paper,Primary publication or author manuscript through web; exact access scope recorded,Citation and model/algorithm attribution only; not experimental input,Adaptive communication choices differ from exogenous refresh schedules,no,Full author journal manuscript inherited; IEEE record and ACM volume 27 issue 8 metadata checked
mincost,Minimal-Cost Replication of Dynamic Web Contents Under Flat Update Delivery,https://scispace.com/pdf/minimal-cost-replication-of-dynamic-web-contents-under-flat-4i4t4gaqlq.pdf,Pre-published author manuscript mirrored; not redistributed,2026-09-15,scholarly paper,web full text / PDF screenshots as available,read-only citation or calibration; not an experimental input,Dependency-aware min-cut replication; ordinary cut primitive,no,Full 26-page accepted manuscript
irm,IRM: Integrated File Replication and Consistency Maintenance in P2P Systems,https://www.cs.virginia.edu/~hs6ms/publishedPaper/Journal/2010/TPDS10-IRM.pdf,Author-hosted IEEE copyright text; no redistribution assumed,2026-09-15,scholarly paper,web primary-author PDF; selected page screenshots,read-only citation or calibration; not an experimental input,Adaptive TTR; owner fallback; explicitly limited strict freshness,no,"Full 14-page published article; selected Figures 1, 2 and 8 inspected; DOI 10.1109/TPDS.2009.43"
placement,"Optimal Placement of Replicas in Trees with Read, Write, and Storage Costs",https://www.csee.umbc.edu/~kalpakis/homepage/papers/TPDS01.pdf,Author manuscript; no redistribution assumed,2026-09-15,scholarly paper,web full text / PDF screenshots as available,read-only citation or calibration; not an experimental input,Tree placement DP; capacity changes complexity,no,Full 10-page manuscript including appendix
ccreg,Simulating a Shared Register in a System that Never Stops Changing,https://arxiv.org/abs/1708.03274,arXiv distribution; no separate redistribution license assumed,2026-09-15,scholarly paper,web full text / PDF screenshots as available,read-only citation or calibration; not an experimental input,Continuous churn atomic register; different membership/reset semantics,no,Full 23-page 2017 preprint; exact 2019 journal correspondence not established
temporal,Temporal Connectivity: Coping with Foreseen and Unforeseen Delays,https://drops.dagstuhl.de/storage/00lipics/lipics-vol221-sand2022/LIPIcs.SAND.2022.17/LIPIcs.SAND.2022.17.pdf,arXiv distribution; not redistributed,2026-09-16,scholarly paper,web full text / PDF screenshots as available,read-only citation or calibration; not an experimental input,Offline delay robustness; online games; persistent waiting,no,Full 2022 preprint inherited; SAND 2022 published section 1 and explicit related-version link checked; citation uses the verified conference publication. Later 2026 journal record found but full journal text not verified.
robustcut,Robust Temporal Cut,https://drops.dagstuhl.de/storage/00lipics/lipics-vol373-sand2026/LIPIcs.SAND.2026.14/LIPIcs.SAND.2026.14.pdf,CC BY as stated in paper,2026-09-15,scholarly paper,web full text / PDF screenshots as available,read-only citation or calibration; not an experimental input,Cut robust to all perturbations; contrast existential failed execution,no,Full 17-page published paper
recover,Recovering Shared Objects Without Stable Storage,https://drops.dagstuhl.de/storage/00lipics/lipics-vol091-disc2017/LIPIcs.DISC.2017.36/LIPIcs.DISC.2017.36.pdf,CC BY as stated in paper,2026-09-15,scholarly paper,web full text / PDF screenshots as available,read-only citation or calibration; not an experimental input,Diskless recovery and crash-consistent quorum invariant,no,Full 16-page published paper
pbs,Probabilistically Bounded Staleness for Practical Partial Quorums,https://www.vldb.org/pvldb/vol5/p776_peterbailis_vldb2012.pdf,Publisher copyright; not redistributed,2026-09-15,scholarly paper,web full text / PDF screenshots as available,read-only citation or calibration; not an experimental input,Probabilistic partial quorum staleness; no modeled failures in latency study,no,Full 12-page published paper
hampa,Hampa: Solver-Aided Recency-Aware Replication,https://link.springer.com/content/pdf/10.1007/978-3-030-53288-8_16.pdf?pdf=inline+link,Publisher open-access paper; not redistributed,2026-09-15,scholarly paper,web full text / PDF screenshots as available,read-only citation or calibration; not an experimental input,Value-drift recency and synthesized coordination,no,Full 26-page main paper; separate extended appendix not read
tact,Design and Evaluation of a Continuous Consistency Model for Replicated Services,https://www.usenix.org/events/osdi2000/full_papers/yuvahdat/yuvahdat.pdf,Publisher copyright; not redistributed,2026-09-15,scholarly paper,web full text / PDF screenshots as available,read-only citation or calibration; not an experimental input,Explicit staleness dimension and compulsory propagation,no,Full 14-page published paper
dynamo,Dynamo: Amazon's Highly Available Key-value Store,https://www.allthingsdistributed.com/files/amazon-dynamo-sosp2007.pdf,Author-hosted publisher text; not redistributed,2026-09-15,scholarly paper,web full text / PDF screenshots as available,read-only citation or calibration; not an experimental input,"Version vectors, hinted handoff and availability/consistency tradeoff",no,Full 16-page published paper
spanner,Spanner: Google's Globally-Distributed Database,https://www.usenix.org/system/files/conference/osdi12/osdi12-final-16.pdf,Publisher copyright; not redistributed,2026-09-15,scholarly paper,web full text / PDF screenshots as available,read-only citation or calibration; not an experimental input,"Safe time, bounded clock uncertainty, commit wait",no,Full 14-page published OSDI paper including appendix
perturb,Reachability in Temporal Graphs under Perturbation,https://eprints.gla.ac.uk/389464/2/389464.pdf,CC BY as stated in paper,2026-09-15,scholarly paper,web full text / PDF screenshots as available,read-only citation or calibration; not an experimental input,Existential reachability-improving perturbations; no broader result asserted,no,23-page paper; only opening model/definitions read; not calibration count
ieeetran-class,IEEEtran journal class,https://template-selector.ieee.org/,LPPL 1.3; full notice retained,2026-09-15,publisher asset,"supplied archive, inspected",unmodified file in manuscript package,Journal layout; official current selector inaccessible,no,Exact supplied IEEEtran.cls inspected structurally
ieeetran-bst,IEEEtran bibliography style,https://template-selector.ieee.org/,LPPL 1.3; full notice retained,2026-09-15,publisher asset,"supplied archive, inspected",unmodified file in manuscript package,IEEE bibliography style,no,Exact supplied IEEEtran.bst inspected structurally
tpds-guide,TPDS Author Information,https://www.computer.org/csdl/journal/td/write-for-us/15085,Website content; no redistribution,2026-09-16,workflow source,Repeated web open and separate download attempt,read-only citation or calibration; not an experimental input,"TPDS-specific initial-submission, anonymity exceptions, supplementary-page and repository-link details remain unverified; APC table independently confirms 12-page regular threshold",no,"Final continuation recheck: direct author page returned iframe/empty representation; TPDS-specific initial, supplement and link details not verified."
ieee-ethics,IEEE Author Center Ethical Requirements,https://journals.ieeeauthorcenter.ieee.org/become-an-ieee-journal-author/publishing-ethics/ethical-requirements/,Official webpage; not redistributed,2026-09-15,workflow source,web full text / PDF screenshots as available,read-only citation or calibration; not an experimental input,Human responsibility and approval required before external use,no,"Authorship, accurate reporting and originality sections read"
ead,An Efficient and Adaptive Decentralized File Replication Algorithm in P2P File Sharing Systems,https://www.cs.virginia.edu/~hs6ms/publishedPaper/Journal/2010/TPDS10-EAD.pdf,Author-hosted IEEE accepted article; no redistribution assumed,2026-09-15,scholarly paper,web full PDF and selected page screenshots,read-only citation and calibration; not an experimental input,Adaptive query-driven replication; twelfth TPDS journal calibration,no,"Full 14-page accepted journal text; DOI 10.1109/TPDS.2009.127; TPDS 21(6):827–840, 2010; five sections and 41 references"
shen-publications,Author publication list: EAD and IRM journal records,https://www.cs.virginia.edu/~hs6ms/publications-all.htm,Author website; no redistribution,2026-09-15,bibliographic primary record,web author publication entries and linked PDFs,metadata verification only,Exact EAD journal identity and primary IRM acquisition,no,EAD and IRM publication entries and linked journal PDFs checked
self-stabilizing-snapshot,Self-stabilizing snapshot objects for asynchronous failure-prone networked systems,https://research.chalmers.se/publication/551560/file/551560_Fulltext.pdf,CC BY 4.0 as stated in article; not redistributed,2026-09-15,scholarly paper,web institutional full-PDF representation,read-only model comparison; not an experimental input,Asynchronous atomic snapshots and post-transient recovery differ from bounded recurrent-erasure schedule checking,no,26-page repository PDF; only §§1.1–1.4 inspected; not full-paper calibration; DOI 10.1016/j.tcs.2026.115929
ieee-ai,Author Guidelines for Artificial Intelligence (AI)-Generated Text,https://open.ieee.org/author-guidelines-for-artificial-intelligence-ai-generated-text/,Official website; not redistributed,2026-09-16,workflow source,web official policy text,read-only policy check; not a manuscript research citation,"Acknowledgments identify system, affected sections and substantive extent",no,Official text dated 16 April 2024 reopened; current accessibility does not verify separate TPDS details
ieee-apc,2026 IEEE Publications Article Processing Charge (APC) List,https://journals.ieeeauthorcenter.ieee.org/wp-content/uploads/sites/7/IEEE-Article-Processing-Charges-List.pdf,IEEE copyright; not redistributed,2026-09-16,workflow primary-source table,web official PDF and page 10 screenshot,read-only policy verification; not a manuscript research citation,TPDS Regular entry is 12 under pages without overlength charges; does not establish initial-submission maximum,no,"2026 list updated 11 June; printed page-ten table screenshot inspected again. TPDS Regular 12 is the publication without-overlength threshold, not initial-submission maximum."
computer-society-author-guide,How to Get Published: Author Guidelines for IEEE Computer Society Journals and Magazines,https://www.computer.org/publications/author-resources,Official website; not redistributed,2026-09-16,workflow source,first-party searchable page representation; direct open returned 403,read-only general policy context; not a manuscript research citation,General single-anonymous default and separate journal supplements up to 350 MB; TPDS-specific exceptions not verified,no,Searchable publisher representation inspected; narrower than a successful live TPDS author-page check
horn,Linear-Time Algorithms for Testing the Satisfiability of Propositional {Horn} Formulae,https://www.cis.upenn.edu/~jean/gallier-old-pubs.html,Scholarly article read only; not redistributed,2026-09-16,scholarly paper,Primary publication or author manuscript through web; exact access scope recorded,Citation and model/algorithm attribution only; not experimental input,Attribution of standard Horn worklist propagation; no upstream code or performance transferred,no,"Publisher abstract and author metadata, not a full-paper calibration reading"
fenwick,A New Data Structure for Cumulative Frequency Tables,https://onlinelibrary.wiley.com/doi/10.1002/spe.4380240306,Scholarly article read only; not redistributed,2026-09-16,scholarly paper,Primary publication or author manuscript through web; exact access scope recorded,Citation and model/algorithm attribution only; not experimental input,Attribution of the marked-count data structure; checker algorithm and bound proved locally,no,Publisher metadata and abstract; no full-paper calibration claim
karp,Reducibility among Combinatorial Problems,https://www.cs.umd.edu/~gasarch/BLOGPAPERS/Karp.pdf,Scholarly article read only; not redistributed,2026-09-16,scholarly paper,Primary publication or author manuscript through web; exact access scope recorded,Citation and model/algorithm attribution only; not experimental input,"Classical NP-completeness source for Vertex Cover, not attribution of this project gadget",no,Primary chapter metadata; original scanned passage in authorized reprint inspected visually; not an additional calibration count
maxflow,Maximal Flow Through a Network,https://www.cambridge.org/core/services/aop-cambridge-core/content/view/5D6E55D3B06C4F7B1043BC1D82D40764/S0008414X00036890a.pdf/maximal-flow-through-a-network.pdf,Scholarly article read only; not redistributed,2026-09-16,scholarly paper,Primary publication or author manuscript through web; exact access scope recorded,Citation and model/algorithm attribution only; not experimental input,Classical minimum-cut attribution; project proof supplies directed temporal reduction,no,Publisher full six-page article accessible; theorem page inspected visually; not added to calibration counts
leases,Leases: An Efficient Fault-Tolerant Mechanism for Distributed File Cache Consistency,https://web.stanford.edu/class/archive/cs/cs240/cs240.1056/readings/89-leases.pdf,Scholarly article read only; not redistributed,2026-09-16,scholarly paper,Primary publication or author manuscript through web; exact access scope recorded,Citation and model/algorithm attribution only; not experimental input,Separate valid-lease revalidation/coordination from prescribed non-abstaining reset queries,no,Conference PDF and publisher metadata; relevant protocol passages read; not counted as an extra full calibration paper
gossip,The Age of Gossip in Networks,https://arxiv.org/pdf/2102.02893,Scholarly article read only; not redistributed,2026-09-16,scholarly paper,Primary publication or author manuscript through web; exact access scope recorded,Citation and model/algorithm attribution only; not experimental input,Expected version-age objective differs from worst-case elapsed as-of age,no,Author preprint model/result passages with ISIT publication metadata; not added to full calibration counts
selfstab,Self-Stabilizing Snapshot Objects for Asynchronous Failure-Prone Networked Systems,https://research.chalmers.se/publication/551560/file/551560_Fulltext.pdf,CC BY 4.0 in published article; not redistributed,2026-09-16,scholarly paper,Primary publication or author manuscript through web; exact access scope recorded,Citation and model/algorithm attribution only; not experimental input,Contrast atomic multiwriter snapshot objects and self-stabilization with continuing bounded resets,no,First-party full published article available; only opening model sections read; later proofs not claimed as read
routes,Delay-Robust Routes in Temporal Graphs,https://drops.dagstuhl.de/storage/00lipics/lipics-vol219-stacs2022/LIPIcs.STACS.2022.30/LIPIcs.STACS.2022.30.pdf,CC-BY 4.0; publisher article,2026-09-16,scholarly paper,Primary publisher metadata and parsed PDF; screenshots of route definition and Theorem 5,Read-only comparison; not an experimental input or redistributed text,Fixed vertex-route quantifier; polynomial given-route recognition; NP-complete route existence,no,Partial: sections 1–3.2 and Theorem 7 statement. Deferred full-version proofs not read; no extra full-read calibration.
