r,P,D,b,W,synchronous,optimized,phases,ties
2,2,1,1,2,2,1,"[0, 1]",1
2,2,1,1,3,2,1,"[0, 1]",1
2,2,1,1,4,2,1,"[0, 1]",1
2,2,1,1,5,2,1,"[0, 1]",1
2,2,1,1,6,2,1,"[0, 1]",1
2,2,1,1,7,2,1,"[0, 1]",1
2,2,1,1,8,2,1,"[0, 1]",1
2,2,1,2,2,inf,1,"[0, 1]",1
2,2,1,2,3,inf,1,"[0, 1]",1
2,2,1,2,4,inf,1,"[0, 1]",1
2,2,1,2,5,inf,1,"[0, 1]",1
2,2,1,2,6,inf,1,"[0, 1]",1
2,2,1,2,7,inf,1,"[0, 1]",1
2,2,1,2,8,inf,1,"[0, 1]",1
2,2,2,1,2,3,3,"[0, 0]",2
2,2,2,1,3,3,3,"[0, 0]",2
2,2,2,1,4,3,3,"[0, 0]",2
2,2,2,1,5,3,3,"[0, 0]",2
2,2,2,1,6,3,3,"[0, 0]",2
2,2,2,1,7,3,3,"[0, 0]",2
2,2,2,1,8,3,3,"[0, 0]",2
2,2,2,2,2,inf,inf,None,0
2,2,2,2,3,inf,inf,None,0
2,2,2,2,4,inf,inf,None,0
2,2,2,2,5,inf,inf,None,0
2,2,2,2,6,inf,inf,None,0
2,2,2,2,7,inf,inf,None,0
2,2,2,2,8,inf,inf,None,0
2,2,3,1,2,inf,inf,None,0
2,2,3,1,3,4,4,"[0, 0]",2
2,2,3,1,4,4,4,"[0, 0]",2
2,2,3,1,5,4,4,"[0, 0]",2
2,2,3,1,6,4,4,"[0, 0]",2
2,2,3,1,7,4,4,"[0, 0]",2
2,2,3,1,8,4,4,"[0, 0]",2
2,2,3,2,2,inf,inf,None,0
2,2,3,2,3,inf,inf,None,0
2,2,3,2,4,inf,inf,None,0
2,2,3,2,5,inf,inf,None,0
2,2,3,2,6,inf,inf,None,0
2,2,3,2,7,inf,inf,None,0
2,2,3,2,8,inf,inf,None,0
2,3,1,1,2,3,3,"[0, 0]",3
2,3,1,1,3,3,3,"[0, 0]",3
2,3,1,1,4,3,3,"[0, 0]",3
2,3,1,1,5,3,3,"[0, 0]",3
2,3,1,1,6,3,3,"[0, 0]",3
2,3,1,1,7,3,3,"[0, 0]",3
2,3,1,1,8,3,3,"[0, 0]",3
2,3,1,2,2,inf,inf,None,0
2,3,1,2,3,inf,inf,None,0
2,3,1,2,4,inf,inf,None,0
2,3,1,2,5,inf,inf,None,0
2,3,1,2,6,inf,inf,None,0
2,3,1,2,7,inf,inf,None,0
2,3,1,2,8,inf,inf,None,0
2,3,2,1,2,inf,inf,None,0
2,3,2,1,3,4,4,"[0, 0]",3
2,3,2,1,4,4,4,"[0, 0]",3
2,3,2,1,5,4,4,"[0, 0]",3
2,3,2,1,6,4,4,"[0, 0]",3
2,3,2,1,7,4,4,"[0, 0]",3
2,3,2,1,8,4,4,"[0, 0]",3
2,3,2,2,2,inf,inf,None,0
2,3,2,2,3,inf,inf,None,0
2,3,2,2,4,inf,inf,None,0
2,3,2,2,5,inf,inf,None,0
2,3,2,2,6,inf,inf,None,0
2,3,2,2,7,inf,inf,None,0
2,3,2,2,8,inf,inf,None,0
2,3,3,1,2,inf,inf,None,0
2,3,3,1,3,inf,inf,None,0
2,3,3,1,4,5,5,"[0, 0]",3
2,3,3,1,5,5,5,"[0, 0]",3
2,3,3,1,6,5,5,"[0, 0]",3
2,3,3,1,7,5,5,"[0, 0]",3
2,3,3,1,8,5,5,"[0, 0]",3
2,3,3,2,2,inf,inf,None,0
2,3,3,2,3,inf,inf,None,0
2,3,3,2,4,inf,inf,None,0
2,3,3,2,5,inf,inf,None,0
2,3,3,2,6,inf,inf,None,0
2,3,3,2,7,inf,inf,None,0
2,3,3,2,8,inf,inf,None,0
2,4,1,1,2,inf,inf,None,0
2,4,1,1,3,4,4,"[0, 0]",4
2,4,1,1,4,4,4,"[0, 0]",4
2,4,1,1,5,4,4,"[0, 0]",4
2,4,1,1,6,4,4,"[0, 0]",4
2,4,1,1,7,4,4,"[0, 0]",4
2,4,1,1,8,4,4,"[0, 0]",4
2,4,1,2,2,inf,inf,None,0
2,4,1,2,3,inf,inf,None,0
2,4,1,2,4,inf,inf,None,0
2,4,1,2,5,inf,inf,None,0
2,4,1,2,6,inf,inf,None,0
2,4,1,2,7,inf,inf,None,0
2,4,1,2,8,inf,inf,None,0
2,4,2,1,2,inf,inf,None,0
2,4,2,1,3,inf,inf,None,0
2,4,2,1,4,5,5,"[0, 0]",4
2,4,2,1,5,5,5,"[0, 0]",4
2,4,2,1,6,5,5,"[0, 0]",4
2,4,2,1,7,5,5,"[0, 0]",4
2,4,2,1,8,5,5,"[0, 0]",4
2,4,2,2,2,inf,inf,None,0
2,4,2,2,3,inf,inf,None,0
2,4,2,2,4,inf,inf,None,0
2,4,2,2,5,inf,inf,None,0
2,4,2,2,6,inf,inf,None,0
2,4,2,2,7,inf,inf,None,0
2,4,2,2,8,inf,inf,None,0
2,4,3,1,2,inf,inf,None,0
2,4,3,1,3,inf,inf,None,0
2,4,3,1,4,inf,inf,None,0
2,4,3,1,5,6,6,"[0, 0]",4
2,4,3,1,6,6,6,"[0, 0]",4
2,4,3,1,7,6,6,"[0, 0]",4
2,4,3,1,8,6,6,"[0, 0]",4
2,4,3,2,2,inf,inf,None,0
2,4,3,2,3,inf,inf,None,0
2,4,3,2,4,inf,inf,None,0
2,4,3,2,5,inf,inf,None,0
2,4,3,2,6,inf,inf,None,0
2,4,3,2,7,inf,inf,None,0
2,4,3,2,8,inf,inf,None,0
2,5,1,1,2,inf,inf,None,0
2,5,1,1,3,inf,inf,None,0
2,5,1,1,4,5,5,"[0, 0]",5
2,5,1,1,5,5,5,"[0, 0]",5
2,5,1,1,6,5,5,"[0, 0]",5
2,5,1,1,7,5,5,"[0, 0]",5
2,5,1,1,8,5,5,"[0, 0]",5
2,5,1,2,2,inf,inf,None,0
2,5,1,2,3,inf,inf,None,0
2,5,1,2,4,inf,inf,None,0
2,5,1,2,5,inf,inf,None,0
2,5,1,2,6,inf,inf,None,0
2,5,1,2,7,inf,inf,None,0
2,5,1,2,8,inf,inf,None,0
2,5,2,1,2,inf,inf,None,0
2,5,2,1,3,inf,inf,None,0
2,5,2,1,4,inf,inf,None,0
2,5,2,1,5,6,6,"[0, 0]",5
2,5,2,1,6,6,6,"[0, 0]",5
2,5,2,1,7,6,6,"[0, 0]",5
2,5,2,1,8,6,6,"[0, 0]",5
2,5,2,2,2,inf,inf,None,0
2,5,2,2,3,inf,inf,None,0
2,5,2,2,4,inf,inf,None,0
2,5,2,2,5,inf,inf,None,0
2,5,2,2,6,inf,inf,None,0
2,5,2,2,7,inf,inf,None,0
2,5,2,2,8,inf,inf,None,0
2,5,3,1,2,inf,inf,None,0
2,5,3,1,3,inf,inf,None,0
2,5,3,1,4,inf,inf,None,0
2,5,3,1,5,inf,inf,None,0
2,5,3,1,6,7,7,"[0, 0]",5
2,5,3,1,7,7,7,"[0, 0]",5
2,5,3,1,8,7,7,"[0, 0]",5
2,5,3,2,2,inf,inf,None,0
2,5,3,2,3,inf,inf,None,0
2,5,3,2,4,inf,inf,None,0
2,5,3,2,5,inf,inf,None,0
2,5,3,2,6,inf,inf,None,0
2,5,3,2,7,inf,inf,None,0
2,5,3,2,8,inf,inf,None,0
2,6,1,1,2,inf,inf,None,0
2,6,1,1,3,inf,inf,None,0
2,6,1,1,4,inf,inf,None,0
2,6,1,1,5,6,6,"[0, 0]",6
2,6,1,1,6,6,6,"[0, 0]",6
2,6,1,1,7,6,6,"[0, 0]",6
2,6,1,1,8,6,6,"[0, 0]",6
2,6,1,2,2,inf,inf,None,0
2,6,1,2,3,inf,inf,None,0
2,6,1,2,4,inf,inf,None,0
2,6,1,2,5,inf,inf,None,0
2,6,1,2,6,inf,inf,None,0
2,6,1,2,7,inf,inf,None,0
2,6,1,2,8,inf,inf,None,0
2,6,2,1,2,inf,inf,None,0
2,6,2,1,3,inf,inf,None,0
2,6,2,1,4,inf,inf,None,0
2,6,2,1,5,inf,inf,None,0
2,6,2,1,6,7,7,"[0, 0]",6
2,6,2,1,7,7,7,"[0, 0]",6
2,6,2,1,8,7,7,"[0, 0]",6
2,6,2,2,2,inf,inf,None,0
2,6,2,2,3,inf,inf,None,0
2,6,2,2,4,inf,inf,None,0
2,6,2,2,5,inf,inf,None,0
2,6,2,2,6,inf,inf,None,0
2,6,2,2,7,inf,inf,None,0
2,6,2,2,8,inf,inf,None,0
2,6,3,1,2,inf,inf,None,0
2,6,3,1,3,inf,inf,None,0
2,6,3,1,4,inf,inf,None,0
2,6,3,1,5,inf,inf,None,0
2,6,3,1,6,inf,inf,None,0
2,6,3,1,7,8,8,"[0, 0]",6
2,6,3,1,8,8,8,"[0, 0]",6
2,6,3,2,2,inf,inf,None,0
2,6,3,2,3,inf,inf,None,0
2,6,3,2,4,inf,inf,None,0
2,6,3,2,5,inf,inf,None,0
2,6,3,2,6,inf,inf,None,0
2,6,3,2,7,inf,inf,None,0
2,6,3,2,8,inf,inf,None,0
2,7,1,1,2,inf,inf,None,0
2,7,1,1,3,inf,inf,None,0
2,7,1,1,4,inf,inf,None,0
2,7,1,1,5,inf,inf,None,0
2,7,1,1,6,7,7,"[0, 0]",7
2,7,1,1,7,7,7,"[0, 0]",7
2,7,1,1,8,7,7,"[0, 0]",7
2,7,1,2,2,inf,inf,None,0
2,7,1,2,3,inf,inf,None,0
2,7,1,2,4,inf,inf,None,0
2,7,1,2,5,inf,inf,None,0
2,7,1,2,6,inf,inf,None,0
2,7,1,2,7,inf,inf,None,0
2,7,1,2,8,inf,inf,None,0
2,7,2,1,2,inf,inf,None,0
2,7,2,1,3,inf,inf,None,0
2,7,2,1,4,inf,inf,None,0
2,7,2,1,5,inf,inf,None,0
2,7,2,1,6,inf,inf,None,0
2,7,2,1,7,8,8,"[0, 0]",7
2,7,2,1,8,8,8,"[0, 0]",7
2,7,2,2,2,inf,inf,None,0
2,7,2,2,3,inf,inf,None,0
2,7,2,2,4,inf,inf,None,0
2,7,2,2,5,inf,inf,None,0
2,7,2,2,6,inf,inf,None,0
2,7,2,2,7,inf,inf,None,0
2,7,2,2,8,inf,inf,None,0
2,7,3,1,2,inf,inf,None,0
2,7,3,1,3,inf,inf,None,0
2,7,3,1,4,inf,inf,None,0
2,7,3,1,5,inf,inf,None,0
2,7,3,1,6,inf,inf,None,0
2,7,3,1,7,inf,inf,None,0
2,7,3,1,8,9,9,"[0, 0]",7
2,7,3,2,2,inf,inf,None,0
2,7,3,2,3,inf,inf,None,0
2,7,3,2,4,inf,inf,None,0
2,7,3,2,5,inf,inf,None,0
2,7,3,2,6,inf,inf,None,0
2,7,3,2,7,inf,inf,None,0
2,7,3,2,8,inf,inf,None,0
2,8,1,1,2,inf,inf,None,0
2,8,1,1,3,inf,inf,None,0
2,8,1,1,4,inf,inf,None,0
2,8,1,1,5,inf,inf,None,0
2,8,1,1,6,inf,inf,None,0
2,8,1,1,7,8,8,"[0, 0]",8
2,8,1,1,8,8,8,"[0, 0]",8
2,8,1,2,2,inf,inf,None,0
2,8,1,2,3,inf,inf,None,0
2,8,1,2,4,inf,inf,None,0
2,8,1,2,5,inf,inf,None,0
2,8,1,2,6,inf,inf,None,0
2,8,1,2,7,inf,inf,None,0
2,8,1,2,8,inf,inf,None,0
2,8,2,1,2,inf,inf,None,0
2,8,2,1,3,inf,inf,None,0
2,8,2,1,4,inf,inf,None,0
2,8,2,1,5,inf,inf,None,0
2,8,2,1,6,inf,inf,None,0
2,8,2,1,7,inf,inf,None,0
2,8,2,1,8,9,9,"[0, 0]",8
2,8,2,2,2,inf,inf,None,0
2,8,2,2,3,inf,inf,None,0
2,8,2,2,4,inf,inf,None,0
2,8,2,2,5,inf,inf,None,0
2,8,2,2,6,inf,inf,None,0
2,8,2,2,7,inf,inf,None,0
2,8,2,2,8,inf,inf,None,0
2,8,3,1,2,inf,inf,None,0
2,8,3,1,3,inf,inf,None,0
2,8,3,1,4,inf,inf,None,0
2,8,3,1,5,inf,inf,None,0
2,8,3,1,6,inf,inf,None,0
2,8,3,1,7,inf,inf,None,0
2,8,3,1,8,inf,inf,None,0
2,8,3,2,2,inf,inf,None,0
2,8,3,2,3,inf,inf,None,0
2,8,3,2,4,inf,inf,None,0
2,8,3,2,5,inf,inf,None,0
2,8,3,2,6,inf,inf,None,0
2,8,3,2,7,inf,inf,None,0
2,8,3,2,8,inf,inf,None,0
3,2,1,1,2,2,1,"[0, 0, 1]",2
3,2,1,1,3,2,1,"[0, 0, 1]",2
3,2,1,1,4,2,1,"[0, 0, 1]",2
3,2,1,1,5,2,1,"[0, 0, 1]",2
3,2,1,1,6,2,1,"[0, 0, 1]",2
3,2,1,1,7,2,1,"[0, 0, 1]",2
3,2,1,1,8,2,1,"[0, 0, 1]",2
3,2,1,2,2,2,1,"[0, 0, 1]",2
3,2,1,2,3,2,1,"[0, 0, 1]",2
3,2,1,2,4,2,1,"[0, 0, 1]",2
3,2,1,2,5,2,1,"[0, 0, 1]",2
3,2,1,2,6,2,1,"[0, 0, 1]",2
3,2,1,2,7,2,1,"[0, 0, 1]",2
3,2,1,2,8,2,1,"[0, 0, 1]",2
3,2,2,1,2,3,3,"[0, 0, 0]",3
3,2,2,1,3,3,3,"[0, 0, 0]",3
3,2,2,1,4,3,3,"[0, 0, 0]",3
3,2,2,1,5,3,3,"[0, 0, 0]",3
3,2,2,1,6,3,3,"[0, 0, 0]",3
3,2,2,1,7,3,3,"[0, 0, 0]",3
3,2,2,1,8,3,3,"[0, 0, 0]",3
3,2,2,2,2,3,3,"[0, 0, 0]",3
3,2,2,2,3,3,3,"[0, 0, 0]",3
3,2,2,2,4,3,3,"[0, 0, 0]",3
3,2,2,2,5,3,3,"[0, 0, 0]",3
3,2,2,2,6,3,3,"[0, 0, 0]",3
3,2,2,2,7,3,3,"[0, 0, 0]",3
3,2,2,2,8,3,3,"[0, 0, 0]",3
3,2,3,1,2,4,4,"[0, 0, 0]",3
3,2,3,1,3,4,4,"[0, 0, 0]",3
3,2,3,1,4,4,4,"[0, 0, 0]",3
3,2,3,1,5,4,4,"[0, 0, 0]",3
3,2,3,1,6,4,4,"[0, 0, 0]",3
3,2,3,1,7,4,4,"[0, 0, 0]",3
3,2,3,1,8,4,4,"[0, 0, 0]",3
3,2,3,2,2,inf,inf,None,0
3,2,3,2,3,4,4,"[0, 0, 0]",3
3,2,3,2,4,4,4,"[0, 0, 0]",3
3,2,3,2,5,4,4,"[0, 0, 0]",3
3,2,3,2,6,4,4,"[0, 0, 0]",3
3,2,3,2,7,4,4,"[0, 0, 0]",3
3,2,3,2,8,4,4,"[0, 0, 0]",3
3,3,1,1,2,3,1,"[0, 1, 2]",1
3,3,1,1,3,3,1,"[0, 1, 2]",1
3,3,1,1,4,3,1,"[0, 1, 2]",1
3,3,1,1,5,3,1,"[0, 1, 2]",1
3,3,1,1,6,3,1,"[0, 1, 2]",1
3,3,1,1,7,3,1,"[0, 1, 2]",1
3,3,1,1,8,3,1,"[0, 1, 2]",1
3,3,1,2,2,3,1,"[0, 1, 2]",1
3,3,1,2,3,3,1,"[0, 1, 2]",1
3,3,1,2,4,3,1,"[0, 1, 2]",1
3,3,1,2,5,3,1,"[0, 1, 2]",1
3,3,1,2,6,3,1,"[0, 1, 2]",1
3,3,1,2,7,3,1,"[0, 1, 2]",1
3,3,1,2,8,3,1,"[0, 1, 2]",1
3,3,2,1,2,4,3,"[0, 1, 2]",1
3,3,2,1,3,4,3,"[0, 1, 2]",1
3,3,2,1,4,4,3,"[0, 1, 2]",1
3,3,2,1,5,4,3,"[0, 1, 2]",1
3,3,2,1,6,4,3,"[0, 1, 2]",1
3,3,2,1,7,4,3,"[0, 1, 2]",1
3,3,2,1,8,4,3,"[0, 1, 2]",1
3,3,2,2,2,inf,inf,None,0
3,3,2,2,3,4,4,"[0, 0, 0]",6
3,3,2,2,4,4,4,"[0, 0, 0]",6
3,3,2,2,5,4,4,"[0, 0, 0]",6
3,3,2,2,6,4,4,"[0, 0, 0]",6
3,3,2,2,7,4,4,"[0, 0, 0]",6
3,3,2,2,8,4,4,"[0, 0, 0]",6
3,3,3,1,2,5,5,"[0, 0, 0]",6
3,3,3,1,3,5,4,"[0, 1, 2]",1
3,3,3,1,4,5,4,"[0, 1, 2]",1
3,3,3,1,5,5,4,"[0, 1, 2]",1
3,3,3,1,6,5,4,"[0, 1, 2]",1
3,3,3,1,7,5,4,"[0, 1, 2]",1
3,3,3,1,8,5,4,"[0, 1, 2]",1
3,3,3,2,2,inf,inf,None,0
3,3,3,2,3,inf,inf,None,0
3,3,3,2,4,5,5,"[0, 0, 0]",6
3,3,3,2,5,5,5,"[0, 0, 0]",6
3,3,3,2,6,5,5,"[0, 0, 0]",6
3,3,3,2,7,5,5,"[0, 0, 0]",6
3,3,3,2,8,5,5,"[0, 0, 0]",6
3,4,1,1,2,4,3,"[0, 0, 3]",5
3,4,1,1,3,4,3,"[0, 0, 3]",5
3,4,1,1,4,4,3,"[0, 0, 3]",5
3,4,1,1,5,4,3,"[0, 0, 3]",5
3,4,1,1,6,4,3,"[0, 0, 3]",5
3,4,1,1,7,4,3,"[0, 0, 3]",5
3,4,1,1,8,4,3,"[0, 0, 3]",5
3,4,1,2,2,inf,inf,None,0
3,4,1,2,3,4,4,"[0, 0, 0]",10
3,4,1,2,4,4,4,"[0, 0, 0]",10
3,4,1,2,5,4,4,"[0, 0, 0]",10
3,4,1,2,6,4,4,"[0, 0, 0]",10
3,4,1,2,7,4,4,"[0, 0, 0]",10
3,4,1,2,8,4,4,"[0, 0, 0]",10
3,4,2,1,2,5,5,"[0, 0, 0]",10
3,4,2,1,3,5,4,"[0, 1, 2]",3
3,4,2,1,4,5,4,"[0, 1, 2]",3
3,4,2,1,5,5,4,"[0, 1, 2]",3
3,4,2,1,6,5,4,"[0, 1, 2]",3
3,4,2,1,7,5,4,"[0, 1, 2]",3
3,4,2,1,8,5,4,"[0, 1, 2]",3
3,4,2,2,2,inf,inf,None,0
3,4,2,2,3,inf,inf,None,0
3,4,2,2,4,5,5,"[0, 0, 0]",10
3,4,2,2,5,5,5,"[0, 0, 0]",10
3,4,2,2,6,5,5,"[0, 0, 0]",10
3,4,2,2,7,5,5,"[0, 0, 0]",10
3,4,2,2,8,5,5,"[0, 0, 0]",10
3,4,3,1,2,inf,inf,None,0
3,4,3,1,3,6,6,"[0, 0, 0]",10
3,4,3,1,4,6,5,"[0, 1, 2]",3
3,4,3,1,5,6,5,"[0, 1, 2]",3
3,4,3,1,6,6,5,"[0, 1, 2]",3
3,4,3,1,7,6,5,"[0, 1, 2]",3
3,4,3,1,8,6,5,"[0, 1, 2]",3
3,4,3,2,2,inf,inf,None,0
3,4,3,2,3,inf,inf,None,0
3,4,3,2,4,inf,inf,None,0
3,4,3,2,5,6,6,"[0, 0, 0]",10
3,4,3,2,6,6,6,"[0, 0, 0]",10
3,4,3,2,7,6,6,"[0, 0, 0]",10
3,4,3,2,8,6,6,"[0, 0, 0]",10
3,5,1,1,2,5,5,"[0, 0, 0]",15
3,5,1,1,3,5,4,"[0, 0, 4]",8
3,5,1,1,4,5,4,"[0, 0, 4]",8
3,5,1,1,5,5,4,"[0, 0, 4]",8
3,5,1,1,6,5,4,"[0, 0, 4]",8
3,5,1,1,7,5,4,"[0, 0, 4]",8
3,5,1,1,8,5,4,"[0, 0, 4]",8
3,5,1,2,2,inf,inf,None,0
3,5,1,2,3,inf,inf,None,0
3,5,1,2,4,5,5,"[0, 0, 0]",15
3,5,1,2,5,5,5,"[0, 0, 0]",15
3,5,1,2,6,5,5,"[0, 0, 0]",15
3,5,1,2,7,5,5,"[0, 0, 0]",15
3,5,1,2,8,5,5,"[0, 0, 0]",15
3,5,2,1,2,inf,inf,None,0
3,5,2,1,3,6,6,"[0, 0, 0]",15
3,5,2,1,4,6,5,"[0, 1, 2]",6
3,5,2,1,5,6,5,"[0, 1, 2]",6
3,5,2,1,6,6,5,"[0, 1, 2]",6
3,5,2,1,7,6,5,"[0, 1, 2]",6
3,5,2,1,8,6,5,"[0, 1, 2]",6
3,5,2,2,2,inf,inf,None,0
3,5,2,2,3,inf,inf,None,0
3,5,2,2,4,inf,inf,None,0
3,5,2,2,5,6,6,"[0, 0, 0]",15
3,5,2,2,6,6,6,"[0, 0, 0]",15
3,5,2,2,7,6,6,"[0, 0, 0]",15
3,5,2,2,8,6,6,"[0, 0, 0]",15
3,5,3,1,2,inf,inf,None,0
3,5,3,1,3,7,7,"[0, 0, 0]",15
3,5,3,1,4,7,7,"[0, 0, 0]",15
3,5,3,1,5,7,6,"[0, 1, 2]",6
3,5,3,1,6,7,6,"[0, 1, 2]",6
3,5,3,1,7,7,6,"[0, 1, 2]",6
3,5,3,1,8,7,6,"[0, 1, 2]",6
3,5,3,2,2,inf,inf,None,0
3,5,3,2,3,inf,inf,None,0
3,5,3,2,4,inf,inf,None,0
3,5,3,2,5,inf,inf,None,0
3,5,3,2,6,7,7,"[0, 0, 0]",15
3,5,3,2,7,7,7,"[0, 0, 0]",15
3,5,3,2,8,7,7,"[0, 0, 0]",15
3,6,1,1,2,inf,inf,None,0
3,6,1,1,3,6,4,"[0, 2, 4]",1
3,6,1,1,4,6,4,"[0, 2, 4]",1
3,6,1,1,5,6,4,"[0, 2, 4]",1
3,6,1,1,6,6,4,"[0, 2, 4]",1
3,6,1,1,7,6,4,"[0, 2, 4]",1
3,6,1,1,8,6,4,"[0, 2, 4]",1
3,6,1,2,2,inf,inf,None,0
3,6,1,2,3,inf,inf,None,0
3,6,1,2,4,inf,inf,None,0
3,6,1,2,5,6,6,"[0, 0, 0]",21
3,6,1,2,6,6,6,"[0, 0, 0]",21
3,6,1,2,7,6,6,"[0, 0, 0]",21
3,6,1,2,8,6,6,"[0, 0, 0]",21
3,6,2,1,2,inf,inf,None,0
3,6,2,1,3,7,7,"[0, 0, 0]",21
3,6,2,1,4,7,5,"[0, 2, 4]",1
3,6,2,1,5,7,5,"[0, 2, 4]",1
3,6,2,1,6,7,5,"[0, 2, 4]",1
3,6,2,1,7,7,5,"[0, 2, 4]",1
3,6,2,1,8,7,5,"[0, 2, 4]",1
3,6,2,2,2,inf,inf,None,0
3,6,2,2,3,inf,inf,None,0
3,6,2,2,4,inf,inf,None,0
3,6,2,2,5,inf,inf,None,0
3,6,2,2,6,7,7,"[0, 0, 0]",21
3,6,2,2,7,7,7,"[0, 0, 0]",21
3,6,2,2,8,7,7,"[0, 0, 0]",21
3,6,3,1,2,inf,inf,None,0
3,6,3,1,3,inf,inf,None,0
3,6,3,1,4,8,8,"[0, 0, 0]",21
3,6,3,1,5,8,6,"[0, 2, 4]",1
3,6,3,1,6,8,6,"[0, 2, 4]",1
3,6,3,1,7,8,6,"[0, 2, 4]",1
3,6,3,1,8,8,6,"[0, 2, 4]",1
3,6,3,2,2,inf,inf,None,0
3,6,3,2,3,inf,inf,None,0
3,6,3,2,4,inf,inf,None,0
3,6,3,2,5,inf,inf,None,0
3,6,3,2,6,inf,inf,None,0
3,6,3,2,7,8,8,"[0, 0, 0]",21
3,6,3,2,8,8,8,"[0, 0, 0]",21
3,7,1,1,2,inf,inf,None,0
3,7,1,1,3,7,7,"[0, 0, 0]",28
3,7,1,1,4,7,5,"[0, 2, 4]",3
3,7,1,1,5,7,5,"[0, 2, 4]",3
3,7,1,1,6,7,5,"[0, 2, 4]",3
3,7,1,1,7,7,5,"[0, 2, 4]",3
3,7,1,1,8,7,5,"[0, 2, 4]",3
3,7,1,2,2,inf,inf,None,0
3,7,1,2,3,inf,inf,None,0
3,7,1,2,4,inf,inf,None,0
3,7,1,2,5,inf,inf,None,0
3,7,1,2,6,7,7,"[0, 0, 0]",28
3,7,1,2,7,7,7,"[0, 0, 0]",28
3,7,1,2,8,7,7,"[0, 0, 0]",28
3,7,2,1,2,inf,inf,None,0
3,7,2,1,3,inf,inf,None,0
3,7,2,1,4,8,8,"[0, 0, 0]",28
3,7,2,1,5,8,6,"[0, 2, 4]",3
3,7,2,1,6,8,6,"[0, 2, 4]",3
3,7,2,1,7,8,6,"[0, 2, 4]",3
3,7,2,1,8,8,6,"[0, 2, 4]",3
3,7,2,2,2,inf,inf,None,0
3,7,2,2,3,inf,inf,None,0
3,7,2,2,4,inf,inf,None,0
3,7,2,2,5,inf,inf,None,0
3,7,2,2,6,inf,inf,None,0
3,7,2,2,7,8,8,"[0, 0, 0]",28
3,7,2,2,8,8,8,"[0, 0, 0]",28
3,7,3,1,2,inf,inf,None,0
3,7,3,1,3,inf,inf,None,0
3,7,3,1,4,9,9,"[0, 0, 0]",28
3,7,3,1,5,9,9,"[0, 0, 0]",28
3,7,3,1,6,9,7,"[0, 2, 4]",3
3,7,3,1,7,9,7,"[0, 2, 4]",3
3,7,3,1,8,9,7,"[0, 2, 4]",3
3,7,3,2,2,inf,inf,None,0
3,7,3,2,3,inf,inf,None,0
3,7,3,2,4,inf,inf,None,0
3,7,3,2,5,inf,inf,None,0
3,7,3,2,6,inf,inf,None,0
3,7,3,2,7,inf,inf,None,0
3,7,3,2,8,9,9,"[0, 0, 0]",28
3,8,1,1,2,inf,inf,None,0
3,8,1,1,3,inf,inf,None,0
3,8,1,1,4,8,8,"[0, 0, 0]",36
3,8,1,1,5,8,6,"[0, 2, 4]",6
3,8,1,1,6,8,6,"[0, 2, 4]",6
3,8,1,1,7,8,6,"[0, 2, 4]",6
3,8,1,1,8,8,6,"[0, 2, 4]",6
3,8,1,2,2,inf,inf,None,0
3,8,1,2,3,inf,inf,None,0
3,8,1,2,4,inf,inf,None,0
3,8,1,2,5,inf,inf,None,0
3,8,1,2,6,inf,inf,None,0
3,8,1,2,7,8,8,"[0, 0, 0]",36
3,8,1,2,8,8,8,"[0, 0, 0]",36
3,8,2,1,2,inf,inf,None,0
3,8,2,1,3,inf,inf,None,0
3,8,2,1,4,9,9,"[0, 0, 0]",36
3,8,2,1,5,9,9,"[0, 0, 0]",36
3,8,2,1,6,9,7,"[0, 2, 4]",6
3,8,2,1,7,9,7,"[0, 2, 4]",6
3,8,2,1,8,9,7,"[0, 2, 4]",6
3,8,2,2,2,inf,inf,None,0
3,8,2,2,3,inf,inf,None,0
3,8,2,2,4,inf,inf,None,0
3,8,2,2,5,inf,inf,None,0
3,8,2,2,6,inf,inf,None,0
3,8,2,2,7,inf,inf,None,0
3,8,2,2,8,9,9,"[0, 0, 0]",36
3,8,3,1,2,inf,inf,None,0
3,8,3,1,3,inf,inf,None,0
3,8,3,1,4,inf,inf,None,0
3,8,3,1,5,10,10,"[0, 0, 0]",36
3,8,3,1,6,10,10,"[0, 0, 0]",36
3,8,3,1,7,10,8,"[0, 2, 4]",6
3,8,3,1,8,10,8,"[0, 2, 4]",6
3,8,3,2,2,inf,inf,None,0
3,8,3,2,3,inf,inf,None,0
3,8,3,2,4,inf,inf,None,0
3,8,3,2,5,inf,inf,None,0
3,8,3,2,6,inf,inf,None,0
3,8,3,2,7,inf,inf,None,0
3,8,3,2,8,inf,inf,None,0
4,2,1,1,2,2,1,"[0, 0, 0, 1]",3
4,2,1,1,3,2,1,"[0, 0, 0, 1]",3
4,2,1,1,4,2,1,"[0, 0, 0, 1]",3
4,2,1,1,5,2,1,"[0, 0, 0, 1]",3
4,2,1,1,6,2,1,"[0, 0, 0, 1]",3
4,2,1,1,7,2,1,"[0, 0, 0, 1]",3
4,2,1,1,8,2,1,"[0, 0, 0, 1]",3
4,2,1,2,2,2,1,"[0, 0, 0, 1]",3
4,2,1,2,3,2,1,"[0, 0, 0, 1]",3
4,2,1,2,4,2,1,"[0, 0, 0, 1]",3
4,2,1,2,5,2,1,"[0, 0, 0, 1]",3
4,2,1,2,6,2,1,"[0, 0, 0, 1]",3
4,2,1,2,7,2,1,"[0, 0, 0, 1]",3
4,2,1,2,8,2,1,"[0, 0, 0, 1]",3
4,2,2,1,2,3,2,"[0, 0, 1, 1]",1
4,2,2,1,3,3,2,"[0, 0, 1, 1]",1
4,2,2,1,4,3,2,"[0, 0, 1, 1]",1
4,2,2,1,5,3,2,"[0, 0, 1, 1]",1
4,2,2,1,6,3,2,"[0, 0, 1, 1]",1
4,2,2,1,7,3,2,"[0, 0, 1, 1]",1
4,2,2,1,8,3,2,"[0, 0, 1, 1]",1
4,2,2,2,2,3,3,"[0, 0, 0, 0]",4
4,2,2,2,3,3,3,"[0, 0, 0, 0]",4
4,2,2,2,4,3,3,"[0, 0, 0, 0]",4
4,2,2,2,5,3,3,"[0, 0, 0, 0]",4
4,2,2,2,6,3,3,"[0, 0, 0, 0]",4
4,2,2,2,7,3,3,"[0, 0, 0, 0]",4
4,2,2,2,8,3,3,"[0, 0, 0, 0]",4
4,2,3,1,2,4,3,"[0, 0, 1, 1]",1
4,2,3,1,3,4,3,"[0, 0, 1, 1]",1
4,2,3,1,4,4,3,"[0, 0, 1, 1]",1
4,2,3,1,5,4,3,"[0, 0, 1, 1]",1
4,2,3,1,6,4,3,"[0, 0, 1, 1]",1
4,2,3,1,7,4,3,"[0, 0, 1, 1]",1
4,2,3,1,8,4,3,"[0, 0, 1, 1]",1
4,2,3,2,2,inf,inf,None,0
4,2,3,2,3,4,4,"[0, 0, 0, 0]",4
4,2,3,2,4,4,4,"[0, 0, 0, 0]",4
4,2,3,2,5,4,4,"[0, 0, 0, 0]",4
4,2,3,2,6,4,4,"[0, 0, 0, 0]",4
4,2,3,2,7,4,4,"[0, 0, 0, 0]",4
4,2,3,2,8,4,4,"[0, 0, 0, 0]",4
4,3,1,1,2,3,1,"[0, 0, 1, 2]",3
4,3,1,1,3,3,1,"[0, 0, 1, 2]",3
4,3,1,1,4,3,1,"[0, 0, 1, 2]",3
4,3,1,1,5,3,1,"[0, 0, 1, 2]",3
4,3,1,1,6,3,1,"[0, 0, 1, 2]",3
4,3,1,1,7,3,1,"[0, 0, 1, 2]",3
4,3,1,1,8,3,1,"[0, 0, 1, 2]",3
4,3,1,2,2,3,1,"[0, 0, 1, 2]",3
4,3,1,2,3,3,1,"[0, 0, 1, 2]",3
4,3,1,2,4,3,1,"[0, 0, 1, 2]",3
4,3,1,2,5,3,1,"[0, 0, 1, 2]",3
4,3,1,2,6,3,1,"[0, 0, 1, 2]",3
4,3,1,2,7,3,1,"[0, 0, 1, 2]",3
4,3,1,2,8,3,1,"[0, 0, 1, 2]",3
4,3,2,1,2,4,3,"[0, 0, 1, 1]",5
4,3,2,1,3,4,3,"[0, 0, 1, 1]",5
4,3,2,1,4,4,3,"[0, 0, 1, 1]",5
4,3,2,1,5,4,3,"[0, 0, 1, 1]",5
4,3,2,1,6,4,3,"[0, 0, 1, 1]",5
4,3,2,1,7,4,3,"[0, 0, 1, 1]",5
4,3,2,1,8,4,3,"[0, 0, 1, 1]",5
4,3,2,2,2,inf,inf,None,0
4,3,2,2,3,4,4,"[0, 0, 0, 0]",10
4,3,2,2,4,4,4,"[0, 0, 0, 0]",10
4,3,2,2,5,4,4,"[0, 0, 0, 0]",10
4,3,2,2,6,4,4,"[0, 0, 0, 0]",10
4,3,2,2,7,4,4,"[0, 0, 0, 0]",10
4,3,2,2,8,4,4,"[0, 0, 0, 0]",10
4,3,3,1,2,5,5,"[0, 0, 0, 0]",10
4,3,3,1,3,5,4,"[0, 0, 1, 1]",5
4,3,3,1,4,5,4,"[0, 0, 1, 1]",5
4,3,3,1,5,5,4,"[0, 0, 1, 1]",5
4,3,3,1,6,5,4,"[0, 0, 1, 1]",5
4,3,3,1,7,5,4,"[0, 0, 1, 1]",5
4,3,3,1,8,5,4,"[0, 0, 1, 1]",5
4,3,3,2,2,inf,inf,None,0
4,3,3,2,3,inf,inf,None,0
4,3,3,2,4,5,5,"[0, 0, 0, 0]",10
4,3,3,2,5,5,5,"[0, 0, 0, 0]",10
4,3,3,2,6,5,5,"[0, 0, 0, 0]",10
4,3,3,2,7,5,5,"[0, 0, 0, 0]",10
4,3,3,2,8,5,5,"[0, 0, 0, 0]",10
4,4,1,1,2,4,1,"[0, 1, 2, 3]",1
4,4,1,1,3,4,1,"[0, 1, 2, 3]",1
4,4,1,1,4,4,1,"[0, 1, 2, 3]",1
4,4,1,1,5,4,1,"[0, 1, 2, 3]",1
4,4,1,1,6,4,1,"[0, 1, 2, 3]",1
4,4,1,1,7,4,1,"[0, 1, 2, 3]",1
4,4,1,1,8,4,1,"[0, 1, 2, 3]",1
4,4,1,2,2,inf,1,"[0, 1, 2, 3]",1
4,4,1,2,3,4,1,"[0, 1, 2, 3]",1
4,4,1,2,4,4,1,"[0, 1, 2, 3]",1
4,4,1,2,5,4,1,"[0, 1, 2, 3]",1
4,4,1,2,6,4,1,"[0, 1, 2, 3]",1
4,4,1,2,7,4,1,"[0, 1, 2, 3]",1
4,4,1,2,8,4,1,"[0, 1, 2, 3]",1
4,4,2,1,2,5,3,"[0, 0, 2, 2]",2
4,4,2,1,3,5,3,"[0, 0, 2, 2]",2
4,4,2,1,4,5,3,"[0, 0, 2, 2]",2
4,4,2,1,5,5,3,"[0, 0, 2, 2]",2
4,4,2,1,6,5,3,"[0, 0, 2, 2]",2
4,4,2,1,7,5,3,"[0, 0, 2, 2]",2
4,4,2,1,8,5,3,"[0, 0, 2, 2]",2
4,4,2,2,2,inf,inf,None,0
4,4,2,2,3,inf,4,"[0, 1, 2, 3]",1
4,4,2,2,4,5,4,"[0, 1, 2, 3]",1
4,4,2,2,5,5,4,"[0, 1, 2, 3]",1
4,4,2,2,6,5,4,"[0, 1, 2, 3]",1
4,4,2,2,7,5,4,"[0, 1, 2, 3]",1
4,4,2,2,8,5,4,"[0, 1, 2, 3]",1
4,4,3,1,2,6,5,"[0, 1, 2, 3]",1
4,4,3,1,3,6,4,"[0, 0, 2, 2]",2
4,4,3,1,4,6,4,"[0, 0, 2, 2]",2
4,4,3,1,5,6,4,"[0, 0, 2, 2]",2
4,4,3,1,6,6,4,"[0, 0, 2, 2]",2
4,4,3,1,7,6,4,"[0, 0, 2, 2]",2
4,4,3,1,8,6,4,"[0, 0, 2, 2]",2
4,4,3,2,2,inf,inf,None,0
4,4,3,2,3,inf,inf,None,0
4,4,3,2,4,inf,5,"[0, 1, 2, 3]",1
4,4,3,2,5,6,5,"[0, 1, 2, 3]",1
4,4,3,2,6,6,5,"[0, 1, 2, 3]",1
4,4,3,2,7,6,5,"[0, 1, 2, 3]",1
4,4,3,2,8,6,5,"[0, 1, 2, 3]",1
4,5,1,1,2,5,3,"[0, 0, 2, 2]",12
4,5,1,1,3,5,3,"[0, 0, 2, 2]",12
4,5,1,1,4,5,3,"[0, 0, 2, 2]",12
4,5,1,1,5,5,3,"[0, 0, 2, 2]",12
4,5,1,1,6,5,3,"[0, 0, 2, 2]",12
4,5,1,1,7,5,3,"[0, 0, 2, 2]",12
4,5,1,1,8,5,3,"[0, 0, 2, 2]",12
4,5,1,2,2,inf,inf,None,0
4,5,1,2,3,inf,4,"[0, 0, 0, 4]",15
4,5,1,2,4,5,4,"[0, 0, 0, 4]",15
4,5,1,2,5,5,4,"[0, 0, 0, 4]",15
4,5,1,2,6,5,4,"[0, 0, 0, 4]",15
4,5,1,2,7,5,4,"[0, 0, 0, 4]",15
4,5,1,2,8,5,4,"[0, 0, 0, 4]",15
4,5,2,1,2,6,5,"[0, 0, 3, 4]",7
4,5,2,1,3,6,4,"[0, 0, 2, 2]",9
4,5,2,1,4,6,4,"[0, 0, 2, 2]",9
4,5,2,1,5,6,4,"[0, 0, 2, 2]",9
4,5,2,1,6,6,4,"[0, 0, 2, 2]",9
4,5,2,1,7,6,4,"[0, 0, 2, 2]",9
4,5,2,1,8,6,4,"[0, 0, 2, 2]",9
4,5,2,2,2,inf,inf,None,0
4,5,2,2,3,inf,inf,None,0
4,5,2,2,4,inf,5,"[0, 1, 2, 3]",4
4,5,2,2,5,6,5,"[0, 1, 2, 3]",4
4,5,2,2,6,6,5,"[0, 1, 2, 3]",4
4,5,2,2,7,6,5,"[0, 1, 2, 3]",4
4,5,2,2,8,6,5,"[0, 1, 2, 3]",4
4,5,3,1,2,7,7,"[0, 0, 0, 0]",35
4,5,3,1,3,7,6,"[0, 0, 3, 4]",7
4,5,3,1,4,7,5,"[0, 0, 2, 2]",9
4,5,3,1,5,7,5,"[0, 0, 2, 2]",9
4,5,3,1,6,7,5,"[0, 0, 2, 2]",9
4,5,3,1,7,7,5,"[0, 0, 2, 2]",9
4,5,3,1,8,7,5,"[0, 0, 2, 2]",9
4,5,3,2,2,inf,inf,None,0
4,5,3,2,3,inf,inf,None,0
4,5,3,2,4,inf,inf,None,0
4,5,3,2,5,inf,6,"[0, 1, 2, 3]",4
4,5,3,2,6,7,6,"[0, 1, 2, 3]",4
4,5,3,2,7,7,6,"[0, 1, 2, 3]",4
4,5,3,2,8,7,6,"[0, 1, 2, 3]",4
4,6,1,1,2,6,3,"[0, 0, 3, 3]",6
4,6,1,1,3,6,3,"[0, 0, 3, 3]",6
4,6,1,1,4,6,3,"[0, 0, 3, 3]",6
4,6,1,1,5,6,3,"[0, 0, 3, 3]",6
4,6,1,1,6,6,3,"[0, 0, 3, 3]",6
4,6,1,1,7,6,3,"[0, 0, 3, 3]",6
4,6,1,1,8,6,3,"[0, 0, 3, 3]",6
4,6,1,2,2,inf,inf,None,0
4,6,1,2,3,inf,inf,None,0
4,6,1,2,4,inf,5,"[0, 0, 0, 5]",24
4,6,1,2,5,6,5,"[0, 0, 0, 5]",24
4,6,1,2,6,6,5,"[0, 0, 0, 5]",24
4,6,1,2,7,6,5,"[0, 0, 0, 5]",24
4,6,1,2,8,6,5,"[0, 0, 0, 5]",24
4,6,2,1,2,7,7,"[0, 0, 0, 0]",56
4,6,2,1,3,7,4,"[0, 0, 3, 3]",3
4,6,2,1,4,7,4,"[0, 0, 3, 3]",3
4,6,2,1,5,7,4,"[0, 0, 3, 3]",3
4,6,2,1,6,7,4,"[0, 0, 3, 3]",3
4,6,2,1,7,7,4,"[0, 0, 3, 3]",3
4,6,2,1,8,7,4,"[0, 0, 3, 3]",3
4,6,2,2,2,inf,inf,None,0
4,6,2,2,3,inf,inf,None,0
4,6,2,2,4,inf,inf,None,0
4,6,2,2,5,inf,6,"[0, 1, 2, 3]",10
4,6,2,2,6,7,6,"[0, 1, 2, 3]",10
4,6,2,2,7,7,6,"[0, 1, 2, 3]",10
4,6,2,2,8,7,6,"[0, 1, 2, 3]",10
4,6,3,1,2,inf,inf,None,0
4,6,3,1,3,8,7,"[0, 0, 4, 5]",13
4,6,3,1,4,8,5,"[0, 0, 3, 3]",3
4,6,3,1,5,8,5,"[0, 0, 3, 3]",3
4,6,3,1,6,8,5,"[0, 0, 3, 3]",3
4,6,3,1,7,8,5,"[0, 0, 3, 3]",3
4,6,3,1,8,8,5,"[0, 0, 3, 3]",3
4,6,3,2,2,inf,inf,None,0
4,6,3,2,3,inf,inf,None,0
4,6,3,2,4,inf,inf,None,0
4,6,3,2,5,inf,inf,None,0
4,6,3,2,6,inf,7,"[0, 1, 2, 3]",10
4,6,3,2,7,8,7,"[0, 1, 2, 3]",10
4,6,3,2,8,8,7,"[0, 1, 2, 3]",10
4,7,1,1,2,7,7,"[0, 0, 0, 0]",84
4,7,1,1,3,7,4,"[0, 0, 3, 3]",16
4,7,1,1,4,7,4,"[0, 0, 3, 3]",16
4,7,1,1,5,7,4,"[0, 0, 3, 3]",16
4,7,1,1,6,7,4,"[0, 0, 3, 3]",16
4,7,1,1,7,7,4,"[0, 0, 3, 3]",16
4,7,1,1,8,7,4,"[0, 0, 3, 3]",16
4,7,1,2,2,inf,inf,None,0
4,7,1,2,3,inf,inf,None,0
4,7,1,2,4,inf,inf,None,0
4,7,1,2,5,inf,6,"[0, 0, 0, 6]",37
4,7,1,2,6,7,6,"[0, 0, 0, 6]",37
4,7,1,2,7,7,6,"[0, 0, 0, 6]",37
4,7,1,2,8,7,6,"[0, 0, 0, 6]",37
4,7,2,1,2,inf,inf,None,0
4,7,2,1,3,8,7,"[0, 0, 4, 5]",29
4,7,2,1,4,8,5,"[0, 0, 3, 3]",13
4,7,2,1,5,8,5,"[0, 0, 3, 3]",13
4,7,2,1,6,8,5,"[0, 0, 3, 3]",13
4,7,2,1,7,8,5,"[0, 0, 3, 3]",13
4,7,2,1,8,8,5,"[0, 0, 3, 3]",13
4,7,2,2,2,inf,inf,None,0
4,7,2,2,3,inf,inf,None,0
4,7,2,2,4,inf,inf,None,0
4,7,2,2,5,inf,inf,None,0
4,7,2,2,6,inf,7,"[0, 1, 2, 3]",20
4,7,2,2,7,8,7,"[0, 1, 2, 3]",20
4,7,2,2,8,8,7,"[0, 1, 2, 3]",20
4,7,3,1,2,inf,inf,None,0
4,7,3,1,3,9,9,"[0, 0, 0, 0]",84
4,7,3,1,4,9,8,"[0, 0, 4, 5]",29
4,7,3,1,5,9,6,"[0, 0, 3, 3]",13
4,7,3,1,6,9,6,"[0, 0, 3, 3]",13
4,7,3,1,7,9,6,"[0, 0, 3, 3]",13
4,7,3,1,8,9,6,"[0, 0, 3, 3]",13
4,7,3,2,2,inf,inf,None,0
4,7,3,2,3,inf,inf,None,0
4,7,3,2,4,inf,inf,None,0
4,7,3,2,5,inf,inf,None,0
4,7,3,2,6,inf,inf,None,0
4,7,3,2,7,inf,8,"[0, 1, 2, 3]",20
4,7,3,2,8,9,8,"[0, 1, 2, 3]",20
4,8,1,1,2,inf,inf,None,0
4,8,1,1,3,8,4,"[0, 0, 4, 4]",7
4,8,1,1,4,8,4,"[0, 0, 4, 4]",7
4,8,1,1,5,8,4,"[0, 0, 4, 4]",7
4,8,1,1,6,8,4,"[0, 0, 4, 4]",7
4,8,1,1,7,8,4,"[0, 0, 4, 4]",7
4,8,1,1,8,8,4,"[0, 0, 4, 4]",7
4,8,1,2,2,inf,inf,None,0
4,8,1,2,3,inf,inf,None,0
4,8,1,2,4,inf,inf,None,0
4,8,1,2,5,inf,6,"[0, 2, 4, 6]",1
4,8,1,2,6,inf,6,"[0, 2, 4, 6]",1
4,8,1,2,7,8,6,"[0, 2, 4, 6]",1
4,8,1,2,8,8,6,"[0, 2, 4, 6]",1
4,8,2,1,2,inf,inf,None,0
4,8,2,1,3,9,7,"[0, 2, 4, 6]",1
4,8,2,1,4,9,5,"[0, 0, 4, 4]",4
4,8,2,1,5,9,5,"[0, 0, 4, 4]",4
4,8,2,1,6,9,5,"[0, 0, 4, 4]",4
4,8,2,1,7,9,5,"[0, 0, 4, 4]",4
4,8,2,1,8,9,5,"[0, 0, 4, 4]",4
4,8,2,2,2,inf,inf,None,0
4,8,2,2,3,inf,inf,None,0
4,8,2,2,4,inf,inf,None,0
4,8,2,2,5,inf,inf,None,0
4,8,2,2,6,inf,7,"[0, 2, 4, 6]",1
4,8,2,2,7,inf,7,"[0, 2, 4, 6]",1
4,8,2,2,8,9,7,"[0, 2, 4, 6]",1
4,8,3,1,2,inf,inf,None,0
4,8,3,1,3,10,10,"[0, 0, 0, 0]",120
4,8,3,1,4,10,8,"[0, 2, 4, 6]",1
4,8,3,1,5,10,6,"[0, 0, 4, 4]",4
4,8,3,1,6,10,6,"[0, 0, 4, 4]",4
4,8,3,1,7,10,6,"[0, 0, 4, 4]",4
4,8,3,1,8,10,6,"[0, 0, 4, 4]",4
4,8,3,2,2,inf,inf,None,0
4,8,3,2,3,inf,inf,None,0
4,8,3,2,4,inf,inf,None,0
4,8,3,2,5,inf,inf,None,0
4,8,3,2,6,inf,inf,None,0
4,8,3,2,7,inf,8,"[0, 2, 4, 6]",1
4,8,3,2,8,inf,8,"[0, 2, 4, 6]",1
5,2,1,1,2,2,1,"[0, 0, 0, 0, 1]",4
5,2,1,1,3,2,1,"[0, 0, 0, 0, 1]",4
5,2,1,1,4,2,1,"[0, 0, 0, 0, 1]",4
5,2,1,1,5,2,1,"[0, 0, 0, 0, 1]",4
5,2,1,1,6,2,1,"[0, 0, 0, 0, 1]",4
5,2,1,1,7,2,1,"[0, 0, 0, 0, 1]",4
5,2,1,1,8,2,1,"[0, 0, 0, 0, 1]",4
5,2,1,2,2,2,1,"[0, 0, 0, 0, 1]",4
5,2,1,2,3,2,1,"[0, 0, 0, 0, 1]",4
5,2,1,2,4,2,1,"[0, 0, 0, 0, 1]",4
5,2,1,2,5,2,1,"[0, 0, 0, 0, 1]",4
5,2,1,2,6,2,1,"[0, 0, 0, 0, 1]",4
5,2,1,2,7,2,1,"[0, 0, 0, 0, 1]",4
5,2,1,2,8,2,1,"[0, 0, 0, 0, 1]",4
5,2,2,1,2,3,2,"[0, 0, 0, 1, 1]",2
5,2,2,1,3,3,2,"[0, 0, 0, 1, 1]",2
5,2,2,1,4,3,2,"[0, 0, 0, 1, 1]",2
5,2,2,1,5,3,2,"[0, 0, 0, 1, 1]",2
5,2,2,1,6,3,2,"[0, 0, 0, 1, 1]",2
5,2,2,1,7,3,2,"[0, 0, 0, 1, 1]",2
5,2,2,1,8,3,2,"[0, 0, 0, 1, 1]",2
5,2,2,2,2,3,3,"[0, 0, 0, 0, 0]",5
5,2,2,2,3,3,3,"[0, 0, 0, 0, 0]",5
5,2,2,2,4,3,3,"[0, 0, 0, 0, 0]",5
5,2,2,2,5,3,3,"[0, 0, 0, 0, 0]",5
5,2,2,2,6,3,3,"[0, 0, 0, 0, 0]",5
5,2,2,2,7,3,3,"[0, 0, 0, 0, 0]",5
5,2,2,2,8,3,3,"[0, 0, 0, 0, 0]",5
5,2,3,1,2,4,3,"[0, 0, 0, 1, 1]",2
5,2,3,1,3,4,3,"[0, 0, 0, 1, 1]",2
5,2,3,1,4,4,3,"[0, 0, 0, 1, 1]",2
5,2,3,1,5,4,3,"[0, 0, 0, 1, 1]",2
5,2,3,1,6,4,3,"[0, 0, 0, 1, 1]",2
5,2,3,1,7,4,3,"[0, 0, 0, 1, 1]",2
5,2,3,1,8,4,3,"[0, 0, 0, 1, 1]",2
5,2,3,2,2,4,4,"[0, 0, 0, 0, 0]",5
5,2,3,2,3,4,4,"[0, 0, 0, 0, 0]",5
5,2,3,2,4,4,4,"[0, 0, 0, 0, 0]",5
5,2,3,2,5,4,4,"[0, 0, 0, 0, 0]",5
5,2,3,2,6,4,4,"[0, 0, 0, 0, 0]",5
5,2,3,2,7,4,4,"[0, 0, 0, 0, 0]",5
5,2,3,2,8,4,4,"[0, 0, 0, 0, 0]",5
5,3,1,1,2,3,1,"[0, 0, 0, 1, 2]",6
5,3,1,1,3,3,1,"[0, 0, 0, 1, 2]",6
5,3,1,1,4,3,1,"[0, 0, 0, 1, 2]",6
5,3,1,1,5,3,1,"[0, 0, 0, 1, 2]",6
5,3,1,1,6,3,1,"[0, 0, 0, 1, 2]",6
5,3,1,1,7,3,1,"[0, 0, 0, 1, 2]",6
5,3,1,1,8,3,1,"[0, 0, 0, 1, 2]",6
5,3,1,2,2,3,1,"[0, 0, 0, 1, 2]",6
5,3,1,2,3,3,1,"[0, 0, 0, 1, 2]",6
5,3,1,2,4,3,1,"[0, 0, 0, 1, 2]",6
5,3,1,2,5,3,1,"[0, 0, 0, 1, 2]",6
5,3,1,2,6,3,1,"[0, 0, 0, 1, 2]",6
5,3,1,2,7,3,1,"[0, 0, 0, 1, 2]",6
5,3,1,2,8,3,1,"[0, 0, 0, 1, 2]",6
5,3,2,1,2,4,3,"[0, 0, 0, 1, 1]",10
5,3,2,1,3,4,3,"[0, 0, 0, 1, 1]",10
5,3,2,1,4,4,3,"[0, 0, 0, 1, 1]",10
5,3,2,1,5,4,3,"[0, 0, 0, 1, 1]",10
5,3,2,1,6,4,3,"[0, 0, 0, 1, 1]",10
5,3,2,1,7,4,3,"[0, 0, 0, 1, 1]",10
5,3,2,1,8,4,3,"[0, 0, 0, 1, 1]",10
5,3,2,2,2,4,3,"[0, 0, 1, 1, 2]",3
5,3,2,2,3,4,3,"[0, 0, 1, 1, 2]",3
5,3,2,2,4,4,3,"[0, 0, 1, 1, 2]",3
5,3,2,2,5,4,3,"[0, 0, 1, 1, 2]",3
5,3,2,2,6,4,3,"[0, 0, 1, 1, 2]",3
5,3,2,2,7,4,3,"[0, 0, 1, 1, 2]",3
5,3,2,2,8,4,3,"[0, 0, 1, 1, 2]",3
5,3,3,1,2,5,4,"[0, 0, 0, 2, 2]",5
5,3,3,1,3,5,4,"[0, 0, 0, 1, 1]",10
5,3,3,1,4,5,4,"[0, 0, 0, 1, 1]",10
5,3,3,1,5,5,4,"[0, 0, 0, 1, 1]",10
5,3,3,1,6,5,4,"[0, 0, 0, 1, 1]",10
5,3,3,1,7,5,4,"[0, 0, 0, 1, 1]",10
5,3,3,1,8,5,4,"[0, 0, 0, 1, 1]",10
5,3,3,2,2,5,5,"[0, 0, 0, 0, 0]",15
5,3,3,2,3,5,4,"[0, 0, 1, 1, 2]",3
5,3,3,2,4,5,4,"[0, 0, 1, 1, 2]",3
5,3,3,2,5,5,4,"[0, 0, 1, 1, 2]",3
5,3,3,2,6,5,4,"[0, 0, 1, 1, 2]",3
5,3,3,2,7,5,4,"[0, 0, 1, 1, 2]",3
5,3,3,2,8,5,4,"[0, 0, 1, 1, 2]",3
5,4,1,1,2,4,1,"[0, 0, 1, 2, 3]",4
5,4,1,1,3,4,1,"[0, 0, 1, 2, 3]",4
5,4,1,1,4,4,1,"[0, 0, 1, 2, 3]",4
5,4,1,1,5,4,1,"[0, 0, 1, 2, 3]",4
5,4,1,1,6,4,1,"[0, 0, 1, 2, 3]",4
5,4,1,1,7,4,1,"[0, 0, 1, 2, 3]",4
5,4,1,1,8,4,1,"[0, 0, 1, 2, 3]",4
5,4,1,2,2,4,1,"[0, 0, 1, 2, 3]",4
5,4,1,2,3,4,1,"[0, 0, 1, 2, 3]",4
5,4,1,2,4,4,1,"[0, 0, 1, 2, 3]",4
5,4,1,2,5,4,1,"[0, 0, 1, 2, 3]",4
5,4,1,2,6,4,1,"[0, 0, 1, 2, 3]",4
5,4,1,2,7,4,1,"[0, 0, 1, 2, 3]",4
5,4,1,2,8,4,1,"[0, 0, 1, 2, 3]",4
5,4,2,1,2,5,3,"[0, 0, 0, 2, 2]",9
5,4,2,1,3,5,3,"[0, 0, 0, 2, 2]",9
5,4,2,1,4,5,3,"[0, 0, 0, 2, 2]",9
5,4,2,1,5,5,3,"[0, 0, 0, 2, 2]",9
5,4,2,1,6,5,3,"[0, 0, 0, 2, 2]",9
5,4,2,1,7,5,3,"[0, 0, 0, 2, 2]",9
5,4,2,1,8,5,3,"[0, 0, 0, 2, 2]",9
5,4,2,2,2,5,5,"[0, 0, 0, 0, 0]",35
5,4,2,2,3,5,4,"[0, 0, 1, 1, 2]",13
5,4,2,2,4,5,4,"[0, 0, 1, 1, 2]",13
5,4,2,2,5,5,4,"[0, 0, 1, 1, 2]",13
5,4,2,2,6,5,4,"[0, 0, 1, 1, 2]",13
5,4,2,2,7,5,4,"[0, 0, 1, 1, 2]",13
5,4,2,2,8,5,4,"[0, 0, 1, 1, 2]",13
5,4,3,1,2,6,5,"[0, 0, 0, 3, 3]",15
5,4,3,1,3,6,4,"[0, 0, 0, 2, 2]",9
5,4,3,1,4,6,4,"[0, 0, 0, 2, 2]",9
5,4,3,1,5,6,4,"[0, 0, 0, 2, 2]",9
5,4,3,1,6,6,4,"[0, 0, 0, 2, 2]",9
5,4,3,1,7,6,4,"[0, 0, 0, 2, 2]",9
5,4,3,1,8,6,4,"[0, 0, 0, 2, 2]",9
5,4,3,2,2,inf,inf,None,0
5,4,3,2,3,6,6,"[0, 0, 0, 0, 0]",35
5,4,3,2,4,6,5,"[0, 0, 1, 1, 2]",13
5,4,3,2,5,6,5,"[0, 0, 1, 1, 2]",13
5,4,3,2,6,6,5,"[0, 0, 1, 1, 2]",13
5,4,3,2,7,6,5,"[0, 0, 1, 1, 2]",13
5,4,3,2,8,6,5,"[0, 0, 1, 1, 2]",13
5,5,1,1,2,5,1,"[0, 1, 2, 3, 4]",1
5,5,1,1,3,5,1,"[0, 1, 2, 3, 4]",1
5,5,1,1,4,5,1,"[0, 1, 2, 3, 4]",1
5,5,1,1,5,5,1,"[0, 1, 2, 3, 4]",1
5,5,1,1,6,5,1,"[0, 1, 2, 3, 4]",1
5,5,1,1,7,5,1,"[0, 1, 2, 3, 4]",1
5,5,1,1,8,5,1,"[0, 1, 2, 3, 4]",1
5,5,1,2,2,5,1,"[0, 1, 2, 3, 4]",1
5,5,1,2,3,5,1,"[0, 1, 2, 3, 4]",1
5,5,1,2,4,5,1,"[0, 1, 2, 3, 4]",1
5,5,1,2,5,5,1,"[0, 1, 2, 3, 4]",1
5,5,1,2,6,5,1,"[0, 1, 2, 3, 4]",1
5,5,1,2,7,5,1,"[0, 1, 2, 3, 4]",1
5,5,1,2,8,5,1,"[0, 1, 2, 3, 4]",1
5,5,2,1,2,6,3,"[0, 1, 2, 3, 4]",1
5,5,2,1,3,6,3,"[0, 1, 2, 3, 4]",1
5,5,2,1,4,6,3,"[0, 1, 2, 3, 4]",1
5,5,2,1,5,6,3,"[0, 1, 2, 3, 4]",1
5,5,2,1,6,6,3,"[0, 1, 2, 3, 4]",1
5,5,2,1,7,6,3,"[0, 1, 2, 3, 4]",1
5,5,2,1,8,6,3,"[0, 1, 2, 3, 4]",1
5,5,2,2,2,inf,inf,None,0
5,5,2,2,3,6,4,"[0, 1, 2, 3, 4]",1
5,5,2,2,4,6,4,"[0, 1, 2, 3, 4]",1
5,5,2,2,5,6,4,"[0, 1, 2, 3, 4]",1
5,5,2,2,6,6,4,"[0, 1, 2, 3, 4]",1
5,5,2,2,7,6,4,"[0, 1, 2, 3, 4]",1
5,5,2,2,8,6,4,"[0, 1, 2, 3, 4]",1
5,5,3,1,2,7,5,"[0, 1, 2, 3, 4]",1
5,5,3,1,3,7,4,"[0, 1, 2, 3, 4]",1
5,5,3,1,4,7,4,"[0, 1, 2, 3, 4]",1
5,5,3,1,5,7,4,"[0, 1, 2, 3, 4]",1
5,5,3,1,6,7,4,"[0, 1, 2, 3, 4]",1
5,5,3,1,7,7,4,"[0, 1, 2, 3, 4]",1
5,5,3,1,8,7,4,"[0, 1, 2, 3, 4]",1
5,5,3,2,2,inf,inf,None,0
5,5,3,2,3,7,7,"[0, 0, 0, 0, 0]",70
5,5,3,2,4,7,5,"[0, 1, 2, 3, 4]",1
5,5,3,2,5,7,5,"[0, 1, 2, 3, 4]",1
5,5,3,2,6,7,5,"[0, 1, 2, 3, 4]",1
5,5,3,2,7,7,5,"[0, 1, 2, 3, 4]",1
5,5,3,2,8,7,5,"[0, 1, 2, 3, 4]",1
5,6,1,1,2,6,3,"[0, 0, 0, 3, 3]",35
5,6,1,1,3,6,3,"[0, 0, 0, 3, 3]",35
5,6,1,1,4,6,3,"[0, 0, 0, 3, 3]",35
5,6,1,1,5,6,3,"[0, 0, 0, 3, 3]",35
5,6,1,1,6,6,3,"[0, 0, 0, 3, 3]",35
5,6,1,1,7,6,3,"[0, 0, 0, 3, 3]",35
5,6,1,1,8,6,3,"[0, 0, 0, 3, 3]",35
5,6,1,2,2,inf,inf,None,0
5,6,1,2,3,6,4,"[0, 0, 0, 4, 5]",27
5,6,1,2,4,6,4,"[0, 0, 0, 4, 5]",27
5,6,1,2,5,6,4,"[0, 0, 0, 4, 5]",27
5,6,1,2,6,6,4,"[0, 0, 0, 4, 5]",27
5,6,1,2,7,6,4,"[0, 0, 0, 4, 5]",27
5,6,1,2,8,6,4,"[0, 0, 0, 4, 5]",27
5,6,2,1,2,7,5,"[0, 0, 0, 4, 4]",24
5,6,2,1,3,7,4,"[0, 0, 0, 3, 3]",25
5,6,2,1,4,7,4,"[0, 0, 0, 3, 3]",25
5,6,2,1,5,7,4,"[0, 0, 0, 3, 3]",25
5,6,2,1,6,7,4,"[0, 0, 0, 3, 3]",25
5,6,2,1,7,7,4,"[0, 0, 0, 3, 3]",25
5,6,2,1,8,7,4,"[0, 0, 0, 3, 3]",25
5,6,2,2,2,inf,inf,None,0
5,6,2,2,3,7,7,"[0, 0, 0, 0, 0]",126
5,6,2,2,4,7,5,"[0, 0, 2, 2, 4]",12
5,6,2,2,5,7,5,"[0, 0, 2, 2, 4]",12
5,6,2,2,6,7,5,"[0, 0, 2, 2, 4]",12
5,6,2,2,7,7,5,"[0, 0, 2, 2, 4]",12
5,6,2,2,8,7,5,"[0, 0, 2, 2, 4]",12
5,6,3,1,2,8,7,"[0, 0, 3, 4, 5]",9
5,6,3,1,3,8,6,"[0, 0, 0, 4, 4]",24
5,6,3,1,4,8,5,"[0, 0, 0, 3, 3]",25
5,6,3,1,5,8,5,"[0, 0, 0, 3, 3]",25
5,6,3,1,6,8,5,"[0, 0, 0, 3, 3]",25
5,6,3,1,7,8,5,"[0, 0, 0, 3, 3]",25
5,6,3,1,8,8,5,"[0, 0, 0, 3, 3]",25
5,6,3,2,2,inf,inf,None,0
5,6,3,2,3,inf,inf,None,0
5,6,3,2,4,8,8,"[0, 0, 0, 0, 0]",126
5,6,3,2,5,8,6,"[0, 0, 2, 2, 4]",12
5,6,3,2,6,8,6,"[0, 0, 2, 2, 4]",12
5,6,3,2,7,8,6,"[0, 0, 2, 2, 4]",12
5,6,3,2,8,8,6,"[0, 0, 2, 2, 4]",12
5,7,1,1,2,7,3,"[0, 0, 3, 3, 6]",16
5,7,1,1,3,7,3,"[0, 0, 3, 3, 6]",16
5,7,1,1,4,7,3,"[0, 0, 3, 3, 6]",16
5,7,1,1,5,7,3,"[0, 0, 3, 3, 6]",16
5,7,1,1,6,7,3,"[0, 0, 3, 3, 6]",16
5,7,1,1,7,7,3,"[0, 0, 3, 3, 6]",16
5,7,1,1,8,7,3,"[0, 0, 3, 3, 6]",16
5,7,1,2,2,inf,inf,None,0
5,7,1,2,3,7,7,"[0, 0, 0, 0, 0]",210
5,7,1,2,4,7,5,"[0, 0, 0, 5, 6]",59
5,7,1,2,5,7,5,"[0, 0, 0, 5, 6]",59
5,7,1,2,6,7,5,"[0, 0, 0, 5, 6]",59
5,7,1,2,7,7,5,"[0, 0, 0, 5, 6]",59
5,7,1,2,8,7,5,"[0, 0, 0, 5, 6]",59
5,7,2,1,2,8,7,"[0, 0, 0, 5, 6]",45
5,7,2,1,3,8,4,"[0, 1, 2, 4, 5]",5
5,7,2,1,4,8,4,"[0, 1, 2, 4, 5]",5
5,7,2,1,5,8,4,"[0, 1, 2, 4, 5]",5
5,7,2,1,6,8,4,"[0, 1, 2, 4, 5]",5
5,7,2,1,7,8,4,"[0, 1, 2, 4, 5]",5
5,7,2,1,8,8,4,"[0, 1, 2, 4, 5]",5
5,7,2,2,2,inf,inf,None,0
5,7,2,2,3,inf,inf,None,0
5,7,2,2,4,8,8,"[0, 0, 0, 0, 0]",210
5,7,2,2,5,8,6,"[0, 0, 2, 2, 4]",40
5,7,2,2,6,8,6,"[0, 0, 2, 2, 4]",40
5,7,2,2,7,8,6,"[0, 0, 2, 2, 4]",40
5,7,2,2,8,8,6,"[0, 0, 2, 2, 4]",40
5,7,3,1,2,9,9,"[0, 0, 0, 0, 0]",210
5,7,3,1,3,9,7,"[0, 0, 0, 5, 5]",52
5,7,3,1,4,9,5,"[0, 1, 2, 4, 5]",5
5,7,3,1,5,9,5,"[0, 1, 2, 4, 5]",5
5,7,3,1,6,9,5,"[0, 1, 2, 4, 5]",5
5,7,3,1,7,9,5,"[0, 1, 2, 4, 5]",5
5,7,3,1,8,9,5,"[0, 1, 2, 4, 5]",5
5,7,3,2,2,inf,inf,None,0
5,7,3,2,3,inf,inf,None,0
5,7,3,2,4,9,9,"[0, 0, 0, 0, 0]",210
5,7,3,2,5,9,9,"[0, 0, 0, 0, 0]",210
5,7,3,2,6,9,7,"[0, 0, 2, 2, 4]",40
5,7,3,2,7,9,7,"[0, 0, 2, 2, 4]",40
5,7,3,2,8,9,7,"[0, 0, 2, 2, 4]",40
5,8,1,1,2,8,5,"[0, 0, 0, 5, 5]",51
5,8,1,1,3,8,4,"[0, 0, 0, 4, 4]",69
5,8,1,1,4,8,4,"[0, 0, 0, 4, 4]",69
5,8,1,1,5,8,4,"[0, 0, 0, 4, 4]",69
5,8,1,1,6,8,4,"[0, 0, 0, 4, 4]",69
5,8,1,1,7,8,4,"[0, 0, 0, 4, 4]",69
5,8,1,1,8,8,4,"[0, 0, 0, 4, 4]",69
5,8,1,2,2,inf,inf,None,0
5,8,1,2,3,inf,inf,None,0
5,8,1,2,4,8,5,"[0, 0, 3, 5, 6]",9
5,8,1,2,5,8,5,"[0, 0, 3, 5, 6]",9
5,8,1,2,6,8,5,"[0, 0, 3, 5, 6]",9
5,8,1,2,7,8,5,"[0, 0, 3, 5, 6]",9
5,8,1,2,8,8,5,"[0, 0, 3, 5, 6]",9
5,8,2,1,2,9,9,"[0, 0, 0, 0, 0]",330
5,8,2,1,3,9,6,"[0, 0, 0, 5, 5]",40
5,8,2,1,4,9,5,"[0, 0, 0, 4, 4]",55
5,8,2,1,5,9,5,"[0, 0, 0, 4, 4]",55
5,8,2,1,6,9,5,"[0, 0, 0, 4, 4]",55
5,8,2,1,7,9,5,"[0, 0, 0, 4, 4]",55
5,8,2,1,8,9,5,"[0, 0, 0, 4, 4]",55
5,8,2,2,2,inf,inf,None,0
5,8,2,2,3,inf,inf,None,0
5,8,2,2,4,9,9,"[0, 0, 0, 0, 0]",330
5,8,2,2,5,9,6,"[0, 1, 3, 4, 6]",5
5,8,2,2,6,9,6,"[0, 1, 3, 4, 6]",5
5,8,2,2,7,9,6,"[0, 1, 3, 4, 6]",5
5,8,2,2,8,9,6,"[0, 1, 3, 4, 6]",5
5,8,3,1,2,inf,inf,None,0
5,8,3,1,3,10,7,"[0, 1, 3, 4, 6]",5
5,8,3,1,4,10,7,"[0, 0, 0, 5, 5]",40
5,8,3,1,5,10,6,"[0, 0, 0, 4, 4]",55
5,8,3,1,6,10,6,"[0, 0, 0, 4, 4]",55
5,8,3,1,7,10,6,"[0, 0, 0, 4, 4]",55
5,8,3,1,8,10,6,"[0, 0, 0, 4, 4]",55
5,8,3,2,2,inf,inf,None,0
5,8,3,2,3,inf,inf,None,0
5,8,3,2,4,inf,inf,None,0
5,8,3,2,5,10,10,"[0, 0, 0, 0, 0]",330
5,8,3,2,6,10,7,"[0, 1, 3, 4, 6]",5
5,8,3,2,7,10,7,"[0, 1, 3, 4, 6]",5
5,8,3,2,8,10,7,"[0, 1, 3, 4, 6]",5
