axis,m,scale,horizon,auxiliary,incidences,marked_points,points,rules,producer_cpu_median_ms,producer_cpu_min_ms,producer_cpu_max_ms,verifier_cpu_median_ms,verifier_cpu_min_ms,verifier_cpu_max_ms
events,256,1,1000000000000,507,2396,529,571,1249,1.5874209999999778,1.5233059999999465,3.5873770000000027,0.2755500000000133,0.26715799999998957,0.3006070000000083
events,512,1,1000000000000,763,4045,785,827,2017,2.777472000000003,2.3604819999999416,36.877552000000094,0.3485079999999696,0.33046199999997583,0.4008569999999212
events,1024,1,1000000000000,1275,8082,1297,1339,3553,5.119807000000032,4.607404000000037,5.58014200000001,0.3989229999999955,0.37933499999998066,0.47821100000000616
events,2048,1,1000000000000,2299,17094,2321,2363,6625,10.038082999999975,9.802614000000043,10.559630000000041,0.5230880000000049,0.5161280000000046,0.7805819999999741
events,4096,1,1000000000000,4347,37026,4369,4411,12769,20.203186000000038,19.86050600000011,72.88388899999987,0.7536209999998711,0.7397299999998275,0.7858689999999946
events,8192,1,1000000000000,8443,80803,8465,8507,25057,109.53505500000004,47.47024099999986,113.66169399999993,1.3156370000000361,1.3102190000000569,1.38398900000003
time,512,1,20240,763,4045,785,827,2017,2.4142410000000947,2.3741219999999785,2.912143000000089,0.33120300000000213,0.3243720000001282,0.34287000000010615
time,512,100,2024000,763,4045,785,827,2017,2.4440259999998215,2.3985989999999457,3.251687999999975,0.333857000000215,0.32440300000002864,0.4157289999999758
time,512,10000,202400000,763,4045,785,827,2017,2.45065599999994,2.3603620000001158,3.447238999999991,0.32131799999990385,0.3200260000000288,0.37291399999994645
time,512,1000000,20240000000,763,4045,785,827,2017,2.5417610000000312,2.4190989999999246,3.789557999999804,0.3537670000000048,0.34519400000010414,0.36398200000009595
time,512,100000000,2024000000000,763,4045,785,827,2017,2.4861789999999218,2.458336999999977,3.5439320000001384,0.3438419999999276,0.3398249999999603,0.3628899999998936
